node,degree,avg_weight
0,347,0.4923631123919311
1,16,0.4775
2,9,0.5222222222222221
3,16,0.4612500000000001
4,9,0.5188888888888888
5,12,0.4266666666666667
6,5,0.556
7,19,0.5384210526315789
8,7,0.4357142857142858
9,55,0.49854545454545457
10,9,0.44
13,30,0.5176666666666668
14,14,0.5135714285714286
16,8,0.52
17,12,0.48666666666666664
19,14,0.5071428571428571
20,12,0.5041666666666665
21,62,0.5059677419354839
22,9,0.4988888888888888
23,16,0.49125
24,15,0.5026666666666666
25,65,0.48030769230769216
26,62,0.48741935483870974
27,4,0.48749999999999993
28,11,0.4890909090909092
29,11,0.4763636363636364
30,15,0.49200000000000005
31,19,0.49000000000000005
32,5,0.528
33,1,0.74
34,4,0.56
35,1,0.36
36,10,0.45400000000000007
38,7,0.39142857142857146
39,12,0.5108333333333334
40,39,0.4930769230769232
41,18,0.5211111111111111
44,3,0.56
45,11,0.4790909090909091
46,4,0.5325
47,1,0.39
48,19,0.48
49,3,0.57
50,10,0.5359999999999998
51,3,0.48333333333333334
52,1,0.69
53,27,0.47592592592592603
54,3,0.5566666666666666
55,14,0.5164285714285715
56,69,0.5026086956521738
57,12,0.5325000000000001
58,11,0.5163636363636364
59,16,0.45375000000000004
60,6,0.5133333333333333
61,1,0.46
62,23,0.5408695652173913
63,4,0.5775
64,6,0.5283333333333333
65,8,0.57125
66,10,0.5279999999999999
67,61,0.4914754098360656
68,8,0.46875
69,4,0.5225
70,1,0.37
71,2,0.42
72,16,0.48437500000000006
73,5,0.47800000000000004
75,10,0.5209999999999999
76,1,0.36
77,4,0.48250000000000004
78,7,0.5428571428571428
79,7,0.6014285714285714
80,19,0.47210526315789475
81,2,0.535
82,26,0.49730769230769234
83,2,0.52
84,7,0.4542857142857143
85,10,0.46499999999999997
86,5,0.542
87,9,0.46222222222222226
88,11,0.5181818181818183
89,5,0.49799999999999994
90,1,0.57
91,6,0.5133333333333333
92,15,0.4859999999999999
93,5,0.484
94,16,0.45999999999999996
95,3,0.5599999999999999
96,7,0.5485714285714286
97,2,0.475
98,39,0.5048717948717948
99,10,0.496
100,7,0.5614285714285715
101,13,0.5176923076923077
102,4,0.5225
103,11,0.48000000000000004
104,23,0.48782608695652185
105,8,0.51125
106,5,0.512
107,1043,0.5053499520613615
108,9,0.46888888888888886
109,27,0.5125925925925927
110,2,0.5800000000000001
111,8,0.455
112,1,0.3
113,28,0.48892857142857155
115,13,0.46
116,9,0.4466666666666667
117,3,0.5700000000000001
118,24,0.5199999999999999
119,40,0.46699999999999997
120,3,0.5733333333333334
121,6,0.47333333333333333
122,44,0.49931818181818177
123,9,0.49444444444444446
124,2,0.45999999999999996
125,2,0.445
126,2,0.5449999999999999
127,12,0.49666666666666676
128,19,0.5157894736842106
129,4,0.515
130,9,0.4677777777777777
131,5,0.476
132,9,0.5166666666666666
133,11,0.4354545454545455
134,9,0.47
135,7,0.5242857142857142
136,123,0.5113008130081301
137,9,0.47555555555555556
139,7,0.5585714285714286
140,4,0.59
141,14,0.5257142857142856
142,24,0.5075000000000001
143,6,0.44666666666666677
144,6,0.535
145,1,0.45
146,5,0.476
147,2,0.52
148,8,0.45499999999999996
149,6,0.5733333333333334
150,6,0.45333333333333337
151,2,0.565
152,3,0.48666666666666664
153,1,0.57
154,1,0.43
155,1,0.43
156,5,0.5319999999999999
158,12,0.4466666666666667
159,9,0.5544444444444444
160,1,0.48
161,13,0.5361538461538461
162,4,0.45499999999999996
163,2,0.5700000000000001
164,1,0.46
165,5,0.5359999999999999
166,3,0.48
167,3,0.5066666666666667
168,5,0.44399999999999995
169,15,0.5446666666666666
170,27,0.5292592592592593
171,16,0.496875
172,24,0.49291666666666667
173,7,0.5342857142857143
174,1,0.42
175,8,0.4612500000000001
176,4,0.42000000000000004
177,3,0.48
178,9,0.5133333333333333
180,11,0.49636363636363634
181,6,0.48499999999999993
182,1,0.66
184,9,0.5066666666666666
185,12,0.46083333333333326
186,22,0.4772727272727272
187,8,0.4625
188,23,0.48260869565217396
189,1,0.53
190,1,0.5
192,1,0.48
193,1,0.61
194,9,0.5244444444444445
195,5,0.48600000000000004
196,7,0.49714285714285705
197,7,0.5071428571428571
198,10,0.514
199,25,0.5136000000000001
200,22,0.5077272727272727
201,1,0.41
202,1,0.49
203,26,0.49807692307692303
204,10,0.48900000000000005
206,1,0.39
207,1,0.44
208,4,0.4625
211,16,0.50125
212,8,0.48624999999999996
213,19,0.48315789473684206
214,6,0.5716666666666667
216,1,0.5
217,1,0.54
218,4,0.39999999999999997
219,1,0.57
220,2,0.445
221,3,0.4166666666666667
222,4,0.4675
223,10,0.45699999999999996
224,11,0.5254545454545454
225,2,0.58
226,4,0.5675
227,3,0.44333333333333336
228,1,0.59
229,1,0.57
230,2,0.36
231,7,0.4714285714285714
232,8,0.5225
233,1,0.55
234,1,0.44
236,14,0.44714285714285706
238,9,0.49222222222222217
239,18,0.5111111111111112
242,8,0.5125000000000001
243,3,0.5866666666666667
244,1,0.57
245,1,0.52
246,7,0.5585714285714286
248,7,0.48142857142857143
249,8,0.54625
250,2,0.52
251,4,0.5625
252,21,0.5004761904761905
254,5,0.5900000000000001
257,8,0.475
258,4,0.475
259,1,0.45
260,2,0.485
261,11,0.5136363636363637
262,1,0.43
263,1,0.51
265,7,0.5085714285714286
266,3,0.5299999999999999
268,2,0.405
269,1,0.58
271,20,0.4999999999999999
272,10,0.48
273,3,0.5466666666666667
274,2,0.425
275,2,0.55
276,1,0.56
277,17,0.4776470588235295
280,9,0.5177777777777778
281,3,0.5133333333333333
284,3,0.6
285,9,0.48999999999999994
288,1,0.56
290,3,0.52
291,4,0.575
297,3,0.5666666666666667
299,4,0.495
300,2,0.495
301,1,0.57
302,3,0.4366666666666667
303,3,0.5133333333333333
304,9,0.4655555555555556
305,1,0.55
306,1,0.54
308,5,0.608
309,1,0.55
310,1,0.46
311,2,0.4
312,2,0.475
313,5,0.48600000000000004
314,1,0.37
315,6,0.4749999999999999
318,1,0.45
319,1,0.39
320,2,0.45
322,6,0.5516666666666666
323,2,0.435
324,4,0.4975
325,1,0.48
326,1,0.38
329,1,0.46
330,1,0.52
331,1,0.51
333,1,0.49
334,1,0.56
339,2,0.535
348,225,0.5011111111111111
349,4,0.5725
350,20,0.4819999999999999
351,3,0.44333333333333336
352,22,0.47818181818181815
353,100,0.5023000000000002
354,25,0.4991999999999999
355,37,0.5075675675675676
356,2,0.5449999999999999
357,17,0.5094117647058823
359,23,0.493913043478261
360,42,0.5176190476190475
361,19,0.4973684210526315
362,17,0.5294117647058824
363,93,0.4984946236559142
364,6,0.5183333333333333
365,4,0.535
366,93,0.5087096774193549
367,28,0.4964285714285715
368,30,0.48033333333333333
369,23,0.5243478260869566
370,67,0.4937313432835821
371,2,0.565
372,16,0.48312499999999997
373,85,0.49129411764705866
374,62,0.48677419354838697
375,14,0.505
376,119,0.5008403361344539
377,1,0.37
378,52,0.5148076923076924
379,1,0.53
380,9,0.5022222222222221
381,10,0.556
382,9,0.44999999999999996
383,1,0.27
384,2,0.445
385,6,0.555
386,2,0.41000000000000003
387,30,0.5286666666666667
388,31,0.5132258064516129
389,42,0.4704761904761905
390,3,0.42
391,52,0.5144230769230768
392,36,0.48750000000000004
393,4,0.555
394,28,0.4778571428571429
395,69,0.5185507246376813
396,20,0.4929999999999999
397,37,0.5054054054054055
398,27,0.4925925925925925
399,4,0.4875
400,62,0.5175806451612902
402,45,0.5173333333333332
403,13,0.4492307692307692
404,40,0.48424999999999996
405,7,0.5314285714285714
406,2,0.625
407,12,0.5233333333333333
408,41,0.49268292682926834
409,24,0.49833333333333335
410,9,0.47555555555555556
411,1,0.52
412,74,0.49567567567567555
413,10,0.5
414,144,0.5090972222222221
415,16,0.5093749999999999
416,16,0.5175
417,44,0.5002272727272726
418,17,0.48058823529411765
419,38,0.5242105263157895
420,26,0.4753846153846153
421,14,0.5071428571428571
422,48,0.49833333333333335
423,45,0.5064444444444444
424,10,0.45
425,14,0.505
426,12,0.49416666666666664
427,5,0.508
428,88,0.5067045454545454
429,8,0.47125000000000006
430,23,0.5034782608695653
431,45,0.5124444444444445
432,37,0.5097297297297299
433,6,0.49499999999999994
434,21,0.4971428571428571
435,6,0.5299999999999999
436,40,0.49225
437,8,0.56875
438,48,0.5156250000000001
439,32,0.4856250000000001
440,9,0.4933333333333333
441,3,0.5366666666666666
442,6,0.5516666666666666
443,1,0.51
444,25,0.5132000000000001
445,14,0.5021428571428571
446,11,0.49272727272727274
448,1,0.62
449,5,0.41200000000000003
450,14,0.45928571428571435
451,15,0.4353333333333334
452,23,0.5182608695652174
453,2,0.5449999999999999
454,1,0.56
455,21,0.5133333333333332
456,31,0.48870967741935484
457,11,0.4472727272727273
458,15,0.5086666666666665
459,5,0.45199999999999996
460,34,0.5114705882352941
461,30,0.5173333333333333
462,9,0.43222222222222223
463,19,0.5173684210526316
464,1,0.52
465,41,0.4965853658536586
466,6,0.4366666666666667
467,2,0.62
469,10,0.48999999999999994
470,6,0.5316666666666666
471,14,0.4992857142857144
472,2,0.48
473,13,0.4815384615384616
474,9,0.48777777777777787
475,74,0.49743243243243246
476,1,0.48
477,5,0.49800000000000005
478,3,0.5066666666666667
479,19,0.47631578947368425
480,4,0.4375
481,8,0.5075
482,13,0.5184615384615384
483,191,0.4932460732984295
484,78,0.5033333333333333
485,2,0.45999999999999996
486,5,0.516
487,9,0.4744444444444444
488,11,0.5172727272727272
489,7,0.4385714285714286
490,4,0.515
491,2,0.595
492,30,0.49
493,22,0.515
494,9,0.461111111111111
495,7,0.4685714285714286
496,17,0.4588235294117647
497,29,0.4837931034482759
498,1,0.48
499,1,0.49
500,36,0.49805555555555575
501,1,0.48
502,2,0.47
503,20,0.5105000000000001
504,23,0.4995652173913043
505,4,0.395
506,26,0.5138461538461538
507,21,0.5314285714285714
508,6,0.555
509,4,0.475
510,7,0.5085714285714286
511,10,0.506
512,11,0.4945454545454544
513,33,0.4854545454545454
514,19,0.5078947368421053
515,19,0.5094736842105263
516,4,0.505
517,46,0.498913043478261
518,3,0.46666666666666673
519,6,0.5116666666666667
520,11,0.46818181818181814
521,1,0.45
522,5,0.488
523,8,0.42375
524,17,0.5058823529411766
525,14,0.5199999999999999
526,70,0.4968571428571429
527,6,0.5116666666666666
528,3,0.5533333333333333
529,2,0.455
531,9,0.5022222222222221
532,1,0.64
534,1,0.51
536,3,0.5266666666666667
537,8,0.5025
538,40,0.48650000000000004
539,2,0.525
540,2,0.35000000000000003
541,2,0.565
542,10,0.45999999999999996
543,5,0.4800000000000001
544,15,0.4746666666666667
545,7,0.5414285714285715
546,4,0.40499999999999997
547,3,0.45999999999999996
548,2,0.515
549,1,0.52
551,1,0.61
553,21,0.5061904761904762
554,1,0.49
555,1,0.56
556,7,0.4742857142857143
557,1,0.43
558,2,0.5349999999999999
559,13,0.4715384615384615
560,2,0.49
561,10,0.515
563,20,0.49650000000000005
566,24,0.45583333333333337
567,15,0.5120000000000001
573,31,0.502258064516129
574,9,0.4655555555555555
575,10,0.4720000000000001
576,13,0.5084615384615385
577,21,0.5333333333333333
578,21,0.48238095238095235
579,34,0.5349999999999999
580,53,0.49377358490566053
581,1,0.43
582,18,0.5144444444444445
583,20,0.5065000000000002
584,12,0.5441666666666666
586,4,0.48750000000000004
587,5,0.46799999999999997
588,11,0.5281818181818182
589,17,0.5094117647058825
590,8,0.45375
591,10,0.4880000000000001
592,33,0.5124242424242426
594,5,0.45200000000000007
595,14,0.495
596,37,0.4943243243243243
597,16,0.501875
598,12,0.44749999999999995
599,18,0.48055555555555557
600,16,0.5012500000000001
601,11,0.45
603,12,0.5441666666666667
604,7,0.5242857142857142
605,11,0.5518181818181819
606,61,0.49918032786885236
609,14,0.5064285714285715
611,9,0.47555555555555556
612,8,0.525
614,5,0.496
615,15,0.5046666666666666
616,13,0.4992307692307692
617,13,0.5353846153846153
618,13,0.5315384615384615
619,12,0.5491666666666667
620,8,0.4925
621,2,0.35
622,6,0.48500000000000004
623,5,0.4579999999999999
625,7,0.5328571428571429
626,7,0.47285714285714286
627,14,0.5235714285714286
628,7,0.5700000000000001
629,8,0.485
630,15,0.518
631,4,0.575
632,12,0.45999999999999996
633,5,0.49800000000000005
634,4,0.435
635,10,0.49700000000000005
636,8,0.50125
637,82,0.5018292682926829
639,2,0.525
640,10,0.526
641,47,0.5131914893617021
643,9,0.49666666666666676
644,4,0.5525
645,5,0.5279999999999999
646,1,0.27
647,8,0.49499999999999994
649,2,0.485
650,7,0.5
651,38,0.5089473684210525
653,8,0.49125
654,9,0.48777777777777787
655,1,0.5
657,1,0.42
658,7,0.5171428571428572
659,6,0.47666666666666674
661,5,0.454
662,4,0.5975
664,2,0.5
665,2,0.56
666,1,0.71
669,1,0.29
670,2,0.525
672,1,0.46
675,1,0.55
676,1,0.66
677,3,0.4466666666666666
678,3,0.48
679,1,0.33
680,2,0.475
686,170,0.5084117647058823
687,27,0.5292592592592592
688,43,0.4848837209302326
689,7,0.5457142857142857
690,8,0.515
691,5,0.53
693,13,0.5246153846153846
694,51,0.49627450980392157
695,37,0.5170270270270269
696,27,0.5014814814814815
697,45,0.520888888888889
698,66,0.5059090909090909
699,1,0.47
700,5,0.518
701,17,0.5129411764705882
702,6,0.5066666666666667
703,39,0.5153846153846153
704,4,0.5549999999999999
705,64,0.518125
706,14,0.45142857142857146
707,9,0.5011111111111111
708,26,0.476923076923077
709,14,0.4842857142857143
710,6,0.49666666666666665
711,15,0.47066666666666657
712,10,0.5200000000000001
713,58,0.5091379310344829
714,9,0.56
715,8,0.535
716,11,0.4881818181818182
717,3,0.36000000000000004
718,24,0.5358333333333333
719,51,0.4947058823529411
720,14,0.4985714285714285
721,2,0.54
722,8,0.5075
723,10,0.45600000000000007
724,35,0.4991428571428572
725,5,0.528
726,25,0.4931999999999999
727,18,0.49388888888888893
728,32,0.519375
729,11,0.5390909090909092
730,8,0.4525
731,16,0.523125
732,9,0.45333333333333337
733,6,0.4183333333333334
734,15,0.5113333333333333
735,4,0.5775
736,8,0.5075
737,10,0.481
738,15,0.548
739,20,0.5105
740,5,0.524
741,12,0.48166666666666674
742,6,0.5750000000000001
743,2,0.47
744,1,0.34
745,35,0.49114285714285716
746,3,0.3566666666666667
747,38,0.4839473684210526
748,11,0.5109090909090909
749,1,0.51
750,1,0.36
751,5,0.47000000000000003
752,22,0.4895454545454546
753,7,0.4628571428571428
754,16,0.48437500000000006
755,13,0.5207692307692309
756,4,0.5575000000000001
757,1,0.32
758,11,0.5563636363636363
759,2,0.455
760,16,0.46375
761,6,0.49333333333333335
762,7,0.5
763,8,0.49499999999999994
764,16,0.52625
765,8,0.5275
766,18,0.5188888888888888
767,4,0.5399999999999999
768,6,0.47000000000000003
769,8,0.5225
770,12,0.49583333333333335
771,7,0.42857142857142855
772,8,0.41874999999999996
773,19,0.5163157894736842
774,17,0.4829411764705882
776,7,0.48285714285714293
777,5,0.506
778,6,0.5066666666666667
779,9,0.46111111111111114
780,14,0.4607142857142858
781,23,0.4939130434782609
782,5,0.51
783,8,0.5175
784,14,0.515
785,1,0.52
786,3,0.45999999999999996
787,11,0.5372727272727273
788,1,0.53
789,4,0.5625
790,1,0.55
791,4,0.5
792,13,0.5176923076923077
793,7,0.4614285714285714
794,2,0.515
795,5,0.548
796,4,0.6074999999999999
797,8,0.5337500000000001
798,2,0.42000000000000004
799,4,0.525
800,14,0.5149999999999999
802,2,0.53
803,5,0.476
804,10,0.492
805,24,0.4979166666666666
806,5,0.43599999999999994
807,6,0.6183333333333333
808,1,0.54
809,2,0.515
810,10,0.45999999999999996
811,3,0.49
812,4,0.565
813,1,0.27
814,6,0.5133333333333333
815,13,0.486923076923077
816,2,0.57
817,5,0.49800000000000005
818,2,0.43999999999999995
819,12,0.5433333333333333
820,10,0.521
821,1,0.48
822,3,0.4966666666666666
823,13,0.49461538461538457
824,17,0.5041176470588236
825,4,0.45499999999999996
826,3,0.4166666666666667
827,6,0.515
828,18,0.5072222222222221
829,4,0.55
830,10,0.4920000000000001
831,1,0.5
834,4,0.485
835,2,0.38
836,1,0.53
837,1,0.6
838,2,0.43
840,2,0.505
842,1,0.32
844,1,0.61
845,1,0.65
847,1,0.5
852,1,0.53
856,10,0.4710000000000001
857,11,0.5263636363636364
858,4,0.45999999999999996
859,1,0.54
860,1,0.46
861,5,0.584
862,22,0.48136363636363644
863,6,0.4516666666666667
864,2,0.61
865,1,0.46
866,4,0.445
867,6,0.47833333333333333
869,1,0.48
870,5,0.484
871,3,0.5366666666666666
872,4,0.5
873,2,0.53
874,2,0.35
876,5,0.5740000000000001
877,1,0.28
878,3,0.54
879,2,0.5549999999999999
881,1,0.5
882,2,0.535
884,1,0.46
885,1,0.48
886,1,0.53
888,1,0.46
896,123,0.49967479674796766
897,65,0.5183076923076921
898,37,0.5013513513513513
899,2,0.5549999999999999
900,12,0.505
901,33,0.49787878787878775
902,44,0.4970454545454545
903,32,0.49687500000000007
904,1,0.38
905,13,0.5192307692307693
906,76,0.49355263157894763
907,12,0.4908333333333333
908,30,0.457
909,11,0.47454545454545455
910,4,0.4925
912,7,0.5528571428571428
913,42,0.4783333333333334
914,14,0.5599999999999999
915,30,0.47166666666666673
916,146,0.511095890410959
917,124,0.4987096774193549
919,24,0.5104166666666665
920,12,0.48166666666666663
921,104,0.5022115384615385
922,28,0.4692857142857142
923,7,0.4842857142857143
924,44,0.49500000000000016
925,163,0.4992024539877301
926,20,0.4825000000000001
927,71,0.5195774647887323
928,8,0.49500000000000005
929,4,0.5475
930,43,0.4976744186046513
931,13,0.5238461538461539
932,62,0.4800000000000001
933,22,0.5181818181818184
934,80,0.508125
935,6,0.5266666666666667
936,24,0.5320833333333334
937,6,0.5183333333333333
938,26,0.49500000000000005
939,15,0.49533333333333346
940,15,0.4866666666666667
941,52,0.51
942,58,0.5082758620689655
943,11,0.5209090909090909
944,35,0.5020000000000002
945,2,0.475
946,160,0.49643749999999975
947,110,0.515818181818182
948,32,0.4840624999999999
949,21,0.5490476190476189
950,8,0.505
951,19,0.47421052631578947
952,79,0.5203797468354432
953,105,0.5029523809523809
954,48,0.5252083333333334
955,8,0.43500000000000005
956,9,0.47000000000000003
957,60,0.48750000000000004
958,22,0.4763636363636364
959,45,0.5095555555555555
960,98,0.5153061224489794
961,11,0.5027272727272728
962,21,0.5185714285714286
963,29,0.5044827586206896
964,24,0.5266666666666667
965,13,0.5246153846153846
966,110,0.5070909090909091
967,99,0.511010101010101
968,32,0.48375
969,26,0.5084615384615385
970,14,0.562142857142857
971,28,0.5057142857142857
972,17,0.5235294117647059
973,16,0.511875
974,9,0.48777777777777775
975,50,0.4778
976,15,0.522
977,24,0.5345833333333334
978,98,0.49785714285714294
979,8,0.5225
980,119,0.5111764705882352
981,42,0.4866666666666668
982,63,0.5080952380952382
983,56,0.47767857142857134
984,34,0.4870588235294117
985,6,0.5816666666666667
986,8,0.505
987,5,0.47400000000000003
988,37,0.5064864864864864
989,33,0.4948484848484848
990,27,0.5144444444444444
991,15,0.4813333333333334
992,25,0.514
993,140,0.5101428571428571
994,25,0.5216000000000001
995,60,0.48866666666666675
996,3,0.41333333333333333
997,90,0.48688888888888865
998,6,0.4716666666666667
999,71,0.5114084507042256
1000,12,0.44500000000000006
1001,30,0.4696666666666667
1002,3,0.58
1003,90,0.497888888888889
1004,114,0.49315789473684196
1005,12,0.4933333333333334
1006,130,0.5061538461538462
1007,12,0.5383333333333333
1008,7,0.45999999999999996
1009,53,0.4866037735849057
1010,31,0.48612903225806453
1011,28,0.48071428571428576
1012,22,0.4699999999999999
1013,8,0.52875
1014,85,0.4945882352941177
1015,32,0.49656249999999996
1016,6,0.48500000000000004
1017,136,0.49036764705882374
1018,43,0.4958139534883722
1019,52,0.5051923076923075
1020,47,0.4993617021276596
1021,54,0.4900000000000001
1022,2,0.47000000000000003
1023,7,0.5
1024,78,0.48358974358974377
1025,21,0.5061904761904762
1026,69,0.5146376811594204
1027,2,0.42000000000000004
1028,58,0.5043103448275861
1029,69,0.482463768115942
1030,8,0.54125
1031,3,0.5966666666666667
1032,64,0.5073437499999999
1033,13,0.49384615384615393
1034,1,0.57
1035,22,0.5272727272727272
1036,49,0.5108163265306123
1037,30,0.4706666666666666
1038,3,0.5233333333333333
1039,24,0.4904166666666667
1040,56,0.4960714285714287
1041,41,0.5070731707317073
1042,12,0.5466666666666667
1043,8,0.47875
1044,21,0.5066666666666666
1045,8,0.44
1046,2,0.605
1047,57,0.4819298245614035
1048,95,0.49894736842105275
1049,73,0.4795890410958904
1050,10,0.5559999999999999
1051,39,0.47384615384615403
1052,51,0.5123529411764707
1053,7,0.5214285714285715
1054,45,0.5188888888888887
1055,12,0.4608333333333334
1056,57,0.5121052631578948
1057,3,0.3833333333333333
1058,5,0.46399999999999997
1059,147,0.49503401360544214
1060,40,0.4860000000000001
1061,8,0.51625
1062,18,0.5261111111111112
1063,16,0.50125
1064,22,0.475
1065,1,0.34
1066,54,0.48907407407407394
1067,60,0.5135000000000001
1068,45,0.5093333333333334
1069,12,0.4891666666666667
1070,61,0.5195081967213114
1071,2,0.45999999999999996
1072,19,0.47368421052631576
1073,6,0.46666666666666673
1074,53,0.5150943396226414
1075,68,0.5032352941176469
1076,126,0.49714285714285716
1077,12,0.5133333333333333
1078,156,0.5024358974358972
1079,109,0.49761467889908245
1080,45,0.49066666666666653
1081,20,0.49000000000000005
1082,49,0.4906122448979592
1083,90,0.5075555555555558
1084,10,0.5050000000000001
1085,64,0.49468750000000006
1086,168,0.5026785714285716
1087,4,0.5475
1088,11,0.5263636363636363
1089,11,0.5481818181818182
1090,11,0.4754545454545455
1091,14,0.4564285714285714
1092,38,0.4578947368421053
1093,7,0.4700000000000001
1094,9,0.5255555555555556
1095,14,0.4628571428571429
1097,29,0.5217241379310346
1098,19,0.49789473684210533
1099,42,0.5007142857142858
1100,50,0.5003999999999998
1101,104,0.5072115384615388
1102,36,0.461111111111111
1103,5,0.48200000000000004
1104,83,0.4807228915662652
1105,2,0.46
1106,22,0.5063636363636363
1107,125,0.49112
1108,29,0.503793103448276
1109,24,0.5079166666666668
1110,53,0.4952830188679245
1111,3,0.47
1112,44,0.46795454545454546
1113,32,0.47562499999999996
1114,25,0.5324000000000001
1115,30,0.4726666666666667
1116,23,0.4934782608695652
1117,111,0.48477477477477454
1118,27,0.4944444444444444
1120,40,0.49849999999999994
1121,16,0.5018750000000001
1122,29,0.519655172413793
1123,59,0.5116949152542372
1124,108,0.4984259259259259
1125,95,0.49989473684210534
1126,163,0.5058895705521471
1127,15,0.48799999999999993
1128,77,0.5136363636363636
1129,45,0.478888888888889
1130,55,0.49290909090909085
1131,25,0.5036
1132,114,0.49192982456140344
1133,3,0.4566666666666667
1134,6,0.505
1135,58,0.5087931034482758
1136,26,0.5026923076923077
1137,22,0.45136363636363636
1138,8,0.46125
1139,20,0.518
1140,7,0.5314285714285715
1141,14,0.49999999999999994
1142,22,0.535909090909091
1143,10,0.5369999999999999
1144,16,0.50375
1146,121,0.4941322314049587
1147,3,0.47333333333333333
1148,48,0.49166666666666675
1149,80,0.50075
1150,12,0.5275
1151,4,0.5325
1152,12,0.4641666666666666
1153,112,0.4973214285714286
1154,6,0.47833333333333333
1155,24,0.4495833333333334
1156,78,0.49025641025641026
1157,4,0.5175
1158,47,0.47765957446808494
1159,48,0.5091666666666664
1160,69,0.49347826086956537
1161,16,0.49875
1162,7,0.4928571428571429
1163,70,0.4842857142857144
1164,19,0.5089473684210527
1165,17,0.5135294117647059
1166,41,0.4843902439024391
1167,23,0.5069565217391304
1168,2,0.52
1169,11,0.4763636363636363
1170,23,0.5599999999999999
1171,15,0.48800000000000004
1172,85,0.48294117647058826
1173,89,0.5026966292134833
1174,13,0.5238461538461539
1175,102,0.5067647058823528
1176,1,0.33
1177,8,0.5149999999999999
1178,7,0.45428571428571424
1179,24,0.46124999999999994
1180,33,0.5233333333333333
1181,75,0.5257333333333332
1182,52,0.4848076923076924
1183,23,0.5104347826086957
1184,124,0.5026612903225803
1185,115,0.4932173913043477
1186,10,0.4889999999999999
1187,15,0.49600000000000005
1188,21,0.49714285714285705
1189,25,0.5136000000000001
1190,30,0.522
1191,77,0.4936363636363636
1192,66,0.4740909090909091
1193,4,0.4925
1194,2,0.47000000000000003
1195,37,0.49918918918918936
1196,19,0.5194736842105263
1197,6,0.5033333333333334
1198,67,0.5134328358208956
1199,160,0.49506250000000024
1200,3,0.44333333333333336
1201,39,0.4905128205128204
1202,4,0.425
1203,6,0.5383333333333334
1204,77,0.5089610389610392
1205,76,0.506842105263158
1207,51,0.49411764705882344
1209,56,0.5267857142857143
1210,27,0.488888888888889
1211,126,0.5049206349206348
1212,19,0.4731578947368421
1213,13,0.5138461538461538
1214,80,0.50575
1215,29,0.4948275862068966
1216,24,0.5220833333333332
1217,33,0.5012121212121213
1218,5,0.528
1219,35,0.4765714285714286
1220,7,0.5
1221,55,0.5185454545454546
1222,98,0.5138775510204083
1223,11,0.5190909090909092
1225,18,0.5144444444444445
1226,21,0.508095238095238
1227,54,0.48314814814814816
1228,9,0.4722222222222222
1229,30,0.4936666666666667
1230,90,0.5066666666666666
1231,45,0.5051111111111111
1232,18,0.4811111111111111
1234,11,0.5081818181818182
1235,66,0.5081818181818181
1236,28,0.5264285714285714
1237,32,0.4968749999999999
1238,105,0.4850476190476191
1239,5,0.5359999999999999
1240,4,0.4925
1241,12,0.4974999999999999
1242,68,0.5227941176470587
1243,73,0.480958904109589
1244,7,0.5042857142857143
1245,25,0.5328
1246,26,0.4984615384615385
1247,17,0.49941176470588244
1248,4,0.52
1249,8,0.48375
1250,100,0.4936999999999999
1251,7,0.5642857142857143
1252,1,0.45
1254,1,0.59
1255,93,0.5019354838709678
1256,89,0.5149438202247191
1257,31,0.48161290322580663
1258,27,0.5137037037037037
1259,27,0.48518518518518533
1260,20,0.525
1261,42,0.49523809523809514
1262,1,0.36
1263,2,0.6
1264,3,0.49666666666666665
1265,19,0.4936842105263157
1266,9,0.5077777777777778
1267,82,0.4947560975609756
1268,6,0.5033333333333333
1269,87,0.4941379310344826
1270,1,0.43
1271,59,0.5028813559322031
1272,62,0.5041935483870966
1273,33,0.5115151515151515
1274,18,0.5138888888888888
1275,33,0.5127272727272727
1276,1,0.56
1277,77,0.5029870129870131
1278,19,0.5326315789473683
1279,27,0.5025925925925927
1280,47,0.4946808510638299
1281,28,0.482857142857143
1282,38,0.5131578947368423
1283,24,0.4249999999999999
1284,40,0.4892500000000002
1285,32,0.5353124999999999
1286,10,0.528
1287,45,0.47155555555555567
1288,57,0.4757894736842106
1289,49,0.5002040816326531
1290,61,0.5218032786885245
1291,73,0.5097260273972603
1292,33,0.497878787878788
1293,33,0.5066666666666667
1294,10,0.5189999999999999
1295,1,0.45
1296,14,0.5442857142857143
1297,3,0.52
1298,41,0.4941463414634147
1299,17,0.45999999999999996
1300,15,0.48400000000000004
1301,2,0.53
1302,65,0.47646153846153844
1303,24,0.5104166666666666
1304,16,0.5050000000000001
1305,69,0.4884057971014493
1306,13,0.5176923076923079
1307,19,0.4963157894736841
1308,8,0.51625
1309,25,0.47279999999999994
1310,12,0.49500000000000005
1311,14,0.49142857142857144
1312,54,0.5218518518518519
1313,15,0.5373333333333333
1314,15,0.49333333333333323
1315,24,0.53875
1316,17,0.5294117647058824
1317,11,0.5627272727272727
1318,24,0.4825
1319,17,0.5070588235294118
1320,31,0.49193548387096775
1321,16,0.5125
1322,47,0.5108510638297872
1323,45,0.5057777777777779
1324,21,0.5047619047619049
1325,9,0.49222222222222217
1327,33,0.5103030303030304
1328,10,0.501
1329,85,0.4984705882352941
1330,76,0.48184210526315785
1331,84,0.5057142857142857
1332,24,0.5208333333333334
1333,18,0.48777777777777787
1334,66,0.4824242424242425
1335,83,0.4943373493975904
1336,28,0.5278571428571428
1337,25,0.4991999999999999
1338,31,0.4941935483870967
1339,72,0.4963888888888888
1340,45,0.4957777777777778
1341,77,0.5055844155844157
1342,6,0.5266666666666667
1343,22,0.5345454545454547
1344,60,0.5061666666666665
1345,56,0.49321428571428577
1346,1,0.28
1347,40,0.50175
1348,18,0.4705555555555556
1349,20,0.5235000000000001
1350,16,0.46375
1351,40,0.47174999999999995
1352,137,0.5090510948905108
1353,1,0.38
1354,3,0.4566666666666667
1355,15,0.5106666666666667
1356,13,0.5069230769230769
1357,12,0.4741666666666668
1358,37,0.4997297297297298
1359,52,0.5003846153846154
1360,23,0.5021739130434782
1361,85,0.5034117647058823
1362,1,0.44
1363,11,0.4763636363636364
1364,8,0.5125
1365,24,0.5079166666666667
1366,29,0.4941379310344829
1367,94,0.5002127659574469
1368,1,0.38
1369,30,0.48866666666666675
1370,64,0.5039062500000001
1371,19,0.4605263157894737
1372,3,0.5066666666666667
1373,38,0.5010526315789474
1374,13,0.5092307692307692
1375,42,0.5278571428571429
1376,106,0.4995283018867927
1377,108,0.5044444444444441
1378,16,0.4974999999999999
1379,27,0.49296296296296294
1380,48,0.5108333333333336
1381,11,0.46636363636363637
1382,17,0.5152941176470587
1383,2,0.46
1384,4,0.46249999999999997
1385,10,0.509
1387,4,0.5149999999999999
1388,49,0.4861224489795916
1389,27,0.5118518518518519
1390,105,0.49247619047619035
1391,90,0.48355555555555535
1392,18,0.5244444444444445
1393,26,0.5207692307692307
1395,1,0.54
1396,23,0.5252173913043479
1397,6,0.5683333333333332
1398,21,0.44904761904761903
1399,89,0.5177528089887641
1400,7,0.48714285714285716
1401,6,0.46833333333333327
1402,40,0.50075
1403,2,0.535
1404,20,0.5035000000000001
1405,38,0.47815789473684206
1406,14,0.5007142857142858
1407,14,0.5114285714285713
1408,14,0.45357142857142857
1409,58,0.4993103448275864
1410,11,0.47909090909090907
1411,8,0.52375
1412,9,0.5111111111111111
1413,31,0.5206451612903226
1414,4,0.5225
1415,16,0.545625
1416,63,0.5142857142857141
1417,2,0.33
1418,9,0.5366666666666666
1419,19,0.4678947368421053
1420,78,0.4885897435897435
1421,11,0.5163636363636364
1422,4,0.4975
1423,30,0.45933333333333337
1424,11,0.4845454545454546
1425,13,0.4969230769230769
1426,31,0.507741935483871
1427,33,0.5003030303030304
1428,11,0.4881818181818182
1429,17,0.5188235294117648
1430,1,0.4
1431,112,0.49276785714285737
1432,24,0.5033333333333333
1433,11,0.5236363636363637
1434,11,0.5072727272727272
1435,28,0.5221428571428572
1436,10,0.538
1437,27,0.5111111111111112
1438,11,0.49727272727272726
1439,10,0.4969999999999999
1440,19,0.4957894736842106
1441,7,0.5199999999999999
1442,1,0.48
1443,4,0.48250000000000004
1444,14,0.535
1445,4,0.5625
1446,16,0.47937499999999994
1447,73,0.4897260273972603
1448,19,0.4726315789473685
1449,46,0.503695652173913
1450,17,0.4964705882352941
1451,14,0.4814285714285715
1452,18,0.5088888888888888
1453,12,0.5141666666666668
1454,22,0.5290909090909091
1455,3,0.51
1456,65,0.502
1457,30,0.5143333333333334
1458,16,0.475625
1459,44,0.5045454545454544
1460,20,0.47700000000000004
1461,2,0.48
1462,33,0.4745454545454545
1463,6,0.5116666666666666
1464,10,0.5189999999999999
1465,101,0.4967326732673267
1467,60,0.5086666666666667
1468,14,0.5021428571428571
1469,26,0.5080769230769231
1470,31,0.49193548387096775
1471,81,0.4990123456790125
1472,36,0.4986111111111111
1473,21,0.4852380952380953
1474,1,0.51
1475,24,0.5070833333333334
1476,3,0.45
1477,6,0.46166666666666667
1478,8,0.54
1479,34,0.5002941176470589
1480,45,0.5042222222222221
1481,8,0.46499999999999997
1482,18,0.5061111111111111
1483,48,0.4991666666666667
1484,6,0.5650000000000001
1485,25,0.49800000000000005
1487,21,0.5052380952380953
1488,53,0.5079245283018868
1489,14,0.45928571428571435
1490,3,0.45999999999999996
1491,62,0.49580645161290327
1492,1,0.5
1493,10,0.533
1494,11,0.4745454545454546
1495,23,0.5086956521739131
1496,19,0.4910526315789473
1497,17,0.4964705882352941
1498,3,0.52
1499,4,0.4375
1500,8,0.5049999999999999
1501,6,0.5516666666666666
1502,25,0.524
1503,8,0.48375
1504,20,0.5400000000000001
1505,36,0.4769444444444444
1506,2,0.49
1507,10,0.546
1508,12,0.5608333333333334
1509,57,0.490701754385965
1510,3,0.5933333333333334
1511,12,0.5266666666666667
1512,9,0.518888888888889
1513,21,0.48571428571428565
1514,14,0.5378571428571429
1515,24,0.4779166666666666
1516,74,0.4733783783783783
1517,15,0.482
1518,6,0.455
1519,16,0.53375
1520,58,0.5262068965517244
1521,4,0.52
1522,71,0.49239436619718313
1523,36,0.4836111111111111
1524,20,0.483
1525,20,0.4995
1526,10,0.49700000000000005
1527,5,0.528
1528,35,0.5045714285714284
1529,18,0.5072222222222221
1530,50,0.5236
1531,8,0.48874999999999996
1532,18,0.47111111111111115
1533,13,0.5392307692307693
1534,23,0.5013043478260869
1535,26,0.4911538461538463
1536,21,0.4747619047619048
1537,4,0.5175000000000001
1538,34,0.5114705882352941
1539,37,0.48567567567567577
1540,30,0.4893333333333335
1541,8,0.48000000000000004
1542,27,0.5281481481481483
1543,9,0.46888888888888886
1544,5,0.42000000000000004
1545,12,0.5616666666666666
1546,1,0.6
1547,50,0.511
1548,12,0.48583333333333334
1549,14,0.5199999999999999
1550,13,0.4446153846153847
1551,71,0.48225352112676056
1552,3,0.44333333333333336
1553,14,0.4707142857142857
1554,65,0.48399999999999993
1555,18,0.5233333333333334
1556,7,0.5685714285714285
1557,66,0.4922727272727272
1558,1,0.43
1559,74,0.4958108108108107
1561,8,0.48
1562,3,0.48
1563,46,0.5084782608695653
1564,7,0.4671428571428571
1565,20,0.4710000000000001
1566,9,0.4977777777777778
1567,12,0.48833333333333334
1568,9,0.5211111111111112
1569,19,0.5152631578947369
1570,44,0.5140909090909092
1571,29,0.4972413793103448
1572,17,0.4782352941176471
1573,25,0.4807999999999999
1574,15,0.484
1575,8,0.48624999999999996
1576,22,0.480909090909091
1577,161,0.49465838509316773
1578,10,0.453
1580,35,0.5114285714285713
1582,15,0.4966666666666667
1583,33,0.5036363636363637
1584,76,0.48921052631578954
1585,6,0.5183333333333334
1587,16,0.45687500000000003
1588,10,0.49000000000000005
1589,77,0.5011688311688313
1590,31,0.487741935483871
1591,31,0.5093548387096773
1592,4,0.5175000000000001
1593,10,0.458
1594,5,0.5599999999999999
1595,9,0.48444444444444446
1596,18,0.5016666666666667
1597,45,0.5075555555555558
1598,48,0.49833333333333346
1599,6,0.5950000000000001
1600,47,0.5117021276595745
1601,8,0.45374999999999993
1602,3,0.4566666666666667
1603,51,0.493137254901961
1604,54,0.5022222222222222
1605,28,0.4975
1606,11,0.5109090909090909
1607,2,0.5549999999999999
1608,34,0.5038235294117648
1609,27,0.4896296296296297
1610,58,0.502758620689655
1611,16,0.47937500000000005
1612,66,0.501969696969697
1613,66,0.5140909090909092
1614,24,0.5349999999999999
1615,5,0.484
1616,14,0.5435714285714285
1617,39,0.49666666666666676
1618,7,0.5114285714285715
1619,34,0.5023529411764707
1620,39,0.4879487179487181
1621,58,0.5068965517241378
1622,59,0.48457627118644075
1623,33,0.5175757575757575
1624,7,0.5214285714285715
1625,8,0.4325
1626,17,0.5141176470588236
1627,1,0.46
1628,16,0.5275000000000001
1629,5,0.466
1630,10,0.526
1631,1,0.45
1632,26,0.5161538461538462
1633,4,0.5875
1634,7,0.46142857142857147
1635,7,0.5085714285714286
1636,14,0.5242857142857142
1637,23,0.48217391304347834
1638,9,0.5111111111111111
1639,27,0.48777777777777787
1640,2,0.405
1641,3,0.48999999999999994
1642,18,0.47000000000000003
1643,29,0.5027586206896552
1644,20,0.505
1645,17,0.45529411764705885
1646,6,0.5366666666666666
1647,12,0.4841666666666668
1648,5,0.5279999999999999
1649,10,0.46699999999999997
1650,5,0.458
1651,2,0.485
1652,23,0.5152173913043477
1653,21,0.49523809523809526
1654,2,0.55
1655,11,0.4563636363636364
1656,17,0.46647058823529414
1657,2,0.5449999999999999
1658,6,0.5433333333333333
1659,22,0.4968181818181818
1660,4,0.525
1661,19,0.5078947368421054
1662,36,0.476388888888889
1663,63,0.5188888888888888
1664,1,0.34
1665,36,0.5002777777777778
1666,18,0.47611111111111115
1667,6,0.4116666666666666
1668,33,0.48484848484848486
1669,32,0.4987500000000001
1670,4,0.5075000000000001
1671,8,0.53125
1672,7,0.4971428571428572
1673,4,0.5275000000000001
1674,6,0.5583333333333333
1675,26,0.5130769230769231
1676,4,0.5225
1677,6,0.4583333333333333
1678,6,0.5416666666666666
1679,3,0.54
1680,13,0.5346153846153846
1681,3,0.5
1682,8,0.43499999999999994
1683,37,0.5027027027027028
1684,778,0.5038817480719798
1685,24,0.5199999999999999
1686,6,0.44
1687,8,0.5025
1688,28,0.520357142857143
1689,36,0.5313888888888889
1691,8,0.52125
1692,5,0.47400000000000003
1693,1,0.52
1694,5,0.504
1695,8,0.4875
1696,4,0.46499999999999997
1697,4,0.5599999999999999
1698,3,0.51
1699,5,0.492
1700,2,0.445
1701,1,0.51
1702,13,0.47230769230769226
1703,6,0.45
1704,9,0.5144444444444445
1705,4,0.53
1706,8,0.49625
1707,42,0.510952380952381
1709,11,0.4981818181818182
1710,5,0.4699999999999999
1712,25,0.4664000000000001
1714,43,0.5000000000000001
1715,12,0.4583333333333333
1716,7,0.4785714285714286
1717,29,0.5041379310344827
1718,118,0.5051694915254239
1719,3,0.49333333333333335
1720,7,0.5485714285714286
1721,24,0.5225
1722,10,0.45600000000000007
1723,18,0.5011111111111112
1724,10,0.5109999999999999
1725,8,0.5125
1726,8,0.5075000000000001
1727,4,0.5475000000000001
1728,4,0.475
1729,17,0.5200000000000001
1730,43,0.5353488372093024
1731,2,0.525
1732,10,0.516
1733,8,0.5125
1734,12,0.49416666666666664
1735,27,0.4959259259259259
1736,28,0.4857142857142857
1737,17,0.5405882352941176
1738,2,0.545
1739,4,0.5449999999999999
1740,4,0.4625
1741,16,0.48437500000000006
1742,12,0.49500000000000005
1743,5,0.496
1744,5,0.484
1745,2,0.495
1746,34,0.4994117647058823
1747,5,0.462
1748,1,0.53
1749,1,0.53
1750,20,0.4640000000000001
1751,11,0.5818181818181818
1752,16,0.52
1753,15,0.4733333333333334
1754,5,0.48200000000000004
1756,1,0.6
1757,19,0.48
1758,11,0.5063636363636363
1759,1,0.54
1761,22,0.5072727272727272
1763,6,0.5616666666666666
1765,12,0.45250000000000007
1766,7,0.5614285714285715
1767,1,0.53
1768,30,0.4863333333333334
1769,4,0.48250000000000004
1770,4,0.52
1771,3,0.5
1772,11,0.5400000000000001
1773,3,0.5399999999999999
1774,8,0.5062500000000001
1775,1,0.59
1776,1,0.49
1778,1,0.4
1779,4,0.5725
1780,4,0.5075
1781,4,0.6075
1782,11,0.5027272727272728
1783,15,0.48933333333333334
1784,4,0.4225
1785,1,0.6
1786,13,0.5184615384615384
1787,6,0.5583333333333333
1789,13,0.486923076923077
1790,3,0.49666666666666665
1791,19,0.5236842105263158
1792,1,0.53
1793,18,0.5349999999999999
1794,9,0.5333333333333334
1795,11,0.5127272727272728
1796,10,0.496
1797,1,0.49
1798,4,0.4325
1799,20,0.5280000000000001
1800,29,0.4879310344827587
1801,1,0.42
1802,2,0.36
1803,2,0.38
1804,19,0.4910526315789473
1805,4,0.475
1806,3,0.43999999999999995
1807,3,0.45999999999999996
1809,13,0.5169230769230769
1810,11,0.43454545454545457
1811,7,0.46714285714285714
1812,5,0.426
1813,17,0.46117647058823524
1815,2,0.47
1816,11,0.4709090909090909
1817,5,0.47400000000000003
1818,3,0.4766666666666666
1819,7,0.5485714285714286
1820,8,0.4525
1821,2,0.525
1822,1,0.47
1823,10,0.51
1824,4,0.5425
1826,5,0.502
1827,15,0.4993333333333334
1828,5,0.44000000000000006
1829,2,0.275
1831,2,0.46
1832,5,0.5539999999999999
1833,9,0.4855555555555557
1835,11,0.5254545454545454
1836,1,0.46
1837,2,0.485
1839,10,0.471
1841,4,0.505
1842,8,0.45875
1843,1,0.39
1844,4,0.5775
1845,2,0.44
1846,2,0.41000000000000003
1847,1,0.55
1848,2,0.505
1849,3,0.5066666666666666
1850,2,0.33999999999999997
1852,1,0.71
1857,6,0.49833333333333335
1858,3,0.4133333333333334
1859,1,0.43
1860,1,0.45
1861,3,0.5533333333333333
1862,3,0.42333333333333334
1863,5,0.534
1864,3,0.5
1865,1,0.44
1867,5,0.476
1868,4,0.435
1869,1,0.4
1870,1,0.47
1871,3,0.5233333333333333
1872,2,0.515
1873,2,0.655
1874,1,0.45
1876,1,0.64
1877,1,0.6
1878,1,0.53
1879,3,0.6133333333333333
1880,2,0.41000000000000003
1881,4,0.5475
1884,2,0.495
1885,1,0.64
1886,1,0.36
1887,1,0.4
1888,3,0.4266666666666667
1893,1,0.44
1894,1,0.61
1897,1,0.58
1898,1,0.54
1899,2,0.41
1901,1,0.4
1902,1,0.69
1904,1,0.42
1909,1,0.54
1912,748,0.4992245989304805
1913,17,0.47000000000000003
1914,46,0.49543478260869556
1915,10,0.56
1916,76,0.48934210526315786
1917,189,0.4959259259259257
1918,159,0.500880503144654
1919,53,0.5162264150943396
1920,119,0.5133613445378152
1921,38,0.5063157894736843
1922,13,0.486923076923077
1923,55,0.5163636363636365
1924,5,0.484
1925,122,0.5187704918032789
1926,131,0.5118320610687023
1927,52,0.4926923076923077
1928,21,0.4795238095238095
1929,147,0.49727891156462584
1930,12,0.4741666666666667
1931,35,0.5128571428571428
1932,88,0.5186363636363633
1933,10,0.496
1934,11,0.5463636363636364
1935,44,0.5152272727272729
1936,20,0.5169999999999999
1937,3,0.4533333333333333
1938,185,0.5109729729729728
1939,75,0.4997333333333333
1940,88,0.5017045454545455
1941,215,0.5052558139534884
1942,37,0.4886486486486487
1943,187,0.5156684491978606
1944,27,0.5299999999999999
1945,133,0.49458646616541346
1946,183,0.5039890710382511
1947,111,0.5039639639639639
1948,97,0.5110309278350514
1949,7,0.5314285714285715
1950,11,0.500909090909091
1951,56,0.49821428571428567
1952,15,0.51
1953,118,0.5083898305084745
1954,78,0.4858974358974359
1955,84,0.5204761904761904
1956,7,0.547142857142857
1957,33,0.5075757575757576
1958,29,0.4975862068965517
1959,110,0.5025454545454546
1960,42,0.5364285714285715
1961,6,0.505
1962,179,0.5032402234636872
1963,81,0.4909876543209878
1964,90,0.5072222222222222
1965,18,0.48777777777777775
1966,163,0.49202453987730055
1968,28,0.4982142857142856
1969,3,0.5399999999999999
1970,66,0.5030303030303029
1971,165,0.5016969696969694
1972,59,0.4877966101694916
1973,51,0.5168627450980392
1974,5,0.466
1975,31,0.49000000000000005
1976,31,0.48225806451612907
1977,7,0.5657142857142857
1978,13,0.5023076923076922
1979,164,0.48902439024390265
1980,44,0.5165909090909091
1981,50,0.5106
1982,18,0.4788888888888889
1983,185,0.4985945945945948
1984,164,0.4972560975609755
1985,207,0.49845410628019315
1986,143,0.49587412587412594
1987,33,0.5124242424242426
1988,21,0.4976190476190477
1989,78,0.513846153846154
1990,15,0.532
1991,37,0.5118918918918919
1992,13,0.47230769230769243
1993,183,0.4958469945355189
1994,54,0.5164814814814817
1995,47,0.5036170212765959
1996,3,0.5433333333333333
1997,123,0.49926829268292666
1998,41,0.47243902439024393
1999,23,0.4969565217391306
2000,23,0.5
2001,42,0.49976190476190474
2002,75,0.4934666666666667
2003,39,0.4987179487179486
2004,32,0.4778125
2005,137,0.4905109489051095
2006,33,0.5066666666666666
2007,149,0.5022818791946311
2008,6,0.5316666666666666
2009,27,0.5070370370370371
2010,71,0.48915492957746487
2011,23,0.44652173913043486
2012,8,0.4962499999999999
2013,3,0.5333333333333333
2014,6,0.5316666666666667
2015,3,0.5433333333333333
2016,11,0.5272727272727272
2017,5,0.492
2018,31,0.48096774193548386
2019,16,0.5231250000000001
2020,140,0.4854999999999999
2021,24,0.4920833333333334
2022,27,0.4933333333333334
2023,21,0.4909523809523811
2024,28,0.5146428571428572
2025,18,0.515
2026,83,0.4991566265060241
2027,24,0.5175000000000001
2028,92,0.4885869565217392
2029,29,0.5086206896551725
2030,164,0.49859756097560975
2031,46,0.5393478260869567
2032,125,0.50408
2033,152,0.5063815789473687
2034,7,0.4857142857142857
2035,23,0.5147826086956523
2036,16,0.5181250000000001
2037,149,0.49932885906040253
2038,107,0.4831775700934579
2039,92,0.5095652173913043
2040,132,0.4943181818181818
2041,5,0.528
2042,79,0.5088607594936708
2043,150,0.4939333333333333
2044,20,0.46450000000000014
2045,151,0.5062251655629137
2046,100,0.4960999999999999
2047,174,0.5067241379310345
2048,16,0.529375
2049,28,0.4942857142857143
2050,13,0.44
2051,8,0.49
2052,85,0.5011764705882351
2053,97,0.4957731958762885
2054,133,0.5048120300751878
2055,57,0.4878947368421053
2056,98,0.48867346938775497
2057,34,0.5208823529411767
2058,61,0.5180327868852458
2059,162,0.49209876543209885
2060,87,0.4852873563218389
2061,27,0.5133333333333333
2062,60,0.49983333333333324
2063,118,0.49211864406779643
2064,152,0.48368421052631566
2065,19,0.5510526315789473
2066,5,0.506
2067,27,0.5288888888888889
2068,111,0.49369369369369354
2069,139,0.5159712230215829
2070,11,0.4818181818181818
2071,98,0.5054081632653062
2072,99,0.48707070707070693
2073,161,0.4901863354037267
2074,130,0.5114615384615384
2075,36,0.5175000000000002
2076,15,0.5373333333333332
2077,100,0.5151
2078,162,0.49314814814814817
2080,7,0.44571428571428573
2081,129,0.49868217054263575
2082,14,0.47000000000000003
2083,117,0.475128205128205
2084,109,0.5162385321100921
2085,24,0.4975
2086,108,0.5148148148148146
2087,117,0.5038461538461539
2088,154,0.5088961038961038
2089,17,0.5358823529411766
2090,148,0.51
2091,26,0.5146153846153847
2092,32,0.5184375
2093,136,0.5050735294117649
2094,6,0.3933333333333333
2095,115,0.5040869565217391
2096,15,0.49333333333333335
2097,18,0.4872222222222222
2098,86,0.48720930232558146
2099,11,0.5054545454545454
2100,5,0.426
2101,55,0.5063636363636363
2102,100,0.4968999999999999
2103,143,0.500979020979021
2104,133,0.4945864661654135
2105,8,0.52
2106,3,0.47000000000000003
2107,30,0.487
2108,121,0.5051239669421488
2109,99,0.5042424242424242
2110,29,0.4986206896551725
2111,138,0.5076811594202899
2112,117,0.4916239316239317
2113,7,0.49142857142857144
2114,10,0.502
2115,97,0.4935051546391752
2116,36,0.5144444444444445
2117,104,0.5057692307692306
2118,138,0.49181159420289877
2119,12,0.5066666666666667
2120,15,0.5359999999999999
2121,113,0.497433628318584
2122,105,0.5150476190476186
2123,147,0.4999999999999999
2124,122,0.5185245901639343
2125,85,0.49505882352941166
2126,34,0.4973529411764705
2127,82,0.5209756097560975
2128,65,0.5140000000000001
2129,26,0.5253846153846154
2130,9,0.5144444444444444
2131,143,0.4862937062937062
2132,67,0.4935820895522388
2133,120,0.5016666666666667
2134,55,0.49636363636363645
2135,60,0.5036666666666668
2136,47,0.5072340425531916
2137,33,0.486969696969697
2138,94,0.48968085106382997
2139,125,0.4965599999999999
2140,118,0.5020338983050847
2141,16,0.505625
2142,153,0.4979084967320259
2143,63,0.5179365079365079
2144,53,0.5303773584905661
2145,29,0.4555172413793104
2146,15,0.5026666666666667
2147,28,0.5064285714285715
2148,58,0.4998275862068966
2149,87,0.4929885057471264
2150,132,0.5004545454545452
2151,54,0.5133333333333335
2152,7,0.5357142857142857
2153,89,0.5030337078651685
2154,108,0.49601851851851847
2155,33,0.4993939393939394
2156,16,0.47625000000000006
2157,18,0.5161111111111111
2158,7,0.47285714285714286
2159,20,0.5039999999999999
2160,13,0.493076923076923
2161,56,0.4841071428571429
2162,8,0.51375
2163,18,0.5038888888888889
2164,64,0.48453125
2165,85,0.48870588235294127
2166,5,0.5319999999999999
2167,3,0.5833333333333334
2168,1,0.47
2169,69,0.4955072463768115
2170,14,0.5128571428571428
2171,30,0.4770000000000001
2172,129,0.5002325581395348
2173,16,0.514375
2174,76,0.49499999999999994
2175,4,0.48750000000000004
2176,72,0.5180555555555556
2177,9,0.45999999999999996
2178,2,0.41500000000000004
2179,61,0.5078688524590165
2180,73,0.48657534246575335
2181,11,0.5590909090909091
2182,5,0.492
2183,78,0.5011538461538461
2184,122,0.49680327868852453
2185,6,0.4783333333333333
2186,11,0.5245454545454545
2187,92,0.4978260869565218
2188,126,0.49095238095238103
2189,72,0.49875
2190,106,0.5090566037735852
2191,51,0.4719607843137255
2192,20,0.489
2193,7,0.5285714285714286
2194,63,0.5020634920634921
2196,60,0.5095
2197,10,0.542
2198,31,0.5070967741935484
2199,104,0.4951923076923076
2200,109,0.5020183486238529
2201,119,0.4984873949579832
2202,23,0.5021739130434782
2203,53,0.4975471698113208
2204,2,0.45999999999999996
2205,7,0.5199999999999999
2206,132,0.5000757575757576
2207,16,0.540625
2208,14,0.48999999999999994
2209,21,0.4804761904761904
2210,60,0.5021666666666665
2211,31,0.4829032258064515
2212,89,0.504943820224719
2213,67,0.5053731343283582
2214,17,0.4752941176470588
2215,28,0.47964285714285715
2216,79,0.5100000000000001
2217,10,0.49799999999999994
2218,123,0.4893495934959349
2219,2,0.33999999999999997
2220,118,0.49296610169491534
2221,24,0.5058333333333334
2222,26,0.4984615384615385
2223,67,0.4797014925373133
2224,69,0.5047826086956521
2225,13,0.44461538461538463
2226,31,0.5167741935483872
2227,5,0.43600000000000005
2228,20,0.5109999999999999
2229,124,0.500725806451613
2230,3,0.5333333333333333
2231,20,0.5065
2232,41,0.4851219512195121
2233,131,0.48236641221374066
2234,19,0.5121052631578947
2235,43,0.49697674418604654
2236,18,0.5022222222222221
2237,75,0.49933333333333346
2238,9,0.4955555555555555
2239,22,0.4577272727272728
2240,121,0.5063636363636366
2241,60,0.5088333333333334
2242,21,0.509047619047619
2243,35,0.5014285714285717
2244,115,0.49626086956521737
2245,4,0.51
2246,47,0.5051063829787235
2247,63,0.5068253968253967
2248,9,0.52
2249,11,0.5118181818181818
2250,56,0.49321428571428577
2251,3,0.5633333333333334
2252,6,0.5216666666666666
2253,91,0.49989010989011007
2254,42,0.5016666666666667
2255,5,0.528
2256,2,0.47500000000000003
2257,87,0.4889655172413793
2258,29,0.5303448275862069
2259,33,0.5042424242424242
2260,5,0.5519999999999999
2261,69,0.5018840579710143
2262,8,0.4725
2263,5,0.44000000000000006
2264,32,0.48156249999999995
2265,3,0.48333333333333334
2266,133,0.5034586466165414
2267,38,0.5105263157894736
2268,63,0.4996825396825396
2270,8,0.55625
2271,91,0.5160439560439559
2272,14,0.5335714285714286
2273,38,0.5142105263157895
2274,17,0.46294117647058824
2275,99,0.49454545454545457
2276,81,0.49395061728395057
2277,8,0.50375
2278,91,0.4962637362637364
2279,61,0.5181967213114754
2280,30,0.4786666666666667
2281,3,0.38999999999999996
2282,75,0.4845333333333332
2283,75,0.4753333333333335
2284,21,0.5147619047619048
2285,27,0.502962962962963
2286,11,0.5036363636363637
2287,34,0.4873529411764705
2288,9,0.5611111111111111
2289,73,0.5278082191780822
2290,92,0.5022826086956522
2291,5,0.496
2292,61,0.5073770491803278
2293,24,0.5016666666666666
2294,52,0.49846153846153834
2295,11,0.49727272727272726
2296,16,0.49625
2297,15,0.46266666666666667
2298,9,0.4122222222222222
2299,80,0.49362500000000004
2300,59,0.47559322033898305
2301,3,0.4766666666666666
2302,47,0.5021276595744683
2303,9,0.49
2304,34,0.49617647058823533
2305,4,0.46249999999999997
2306,56,0.4680357142857143
2307,72,0.5284722222222222
2308,74,0.48959459459459453
2309,99,0.4962626262626261
2310,9,0.5366666666666667
2311,24,0.50125
2312,10,0.5289999999999999
2313,40,0.5125
2314,8,0.5
2315,28,0.505357142857143
2316,4,0.4575
2317,19,0.5000000000000001
2318,13,0.5646153846153847
2319,48,0.5122916666666665
2320,9,0.4322222222222223
2321,2,0.27
2322,20,0.479
2323,86,0.5072093023255815
2324,92,0.49989130434782586
2325,29,0.48275862068965514
2326,86,0.4990697674418604
2327,54,0.5259259259259259
2328,65,0.5007692307692309
2329,53,0.5041509433962265
2330,17,0.491764705882353
2331,90,0.5067777777777777
2332,38,0.5021052631578948
2333,57,0.502280701754386
2334,67,0.5147761194029852
2335,11,0.49272727272727274
2336,55,0.5180000000000001
2337,13,0.493076923076923
2338,36,0.5311111111111111
2339,83,0.5313253012048195
2340,93,0.49978494623655917
2341,5,0.514
2342,14,0.5357142857142857
2343,22,0.46454545454545465
2344,43,0.5027906976744186
2345,22,0.5445454545454546
2346,17,0.48588235294117643
2347,114,0.49789473684210545
2348,65,0.5244615384615385
2349,10,0.544
2350,9,0.46888888888888897
2351,31,0.5093548387096773
2352,69,0.5092753623188406
2353,35,0.5185714285714287
2354,74,0.4956756756756759
2355,13,0.523076923076923
2356,70,0.5077142857142857
2357,4,0.5025
2358,1,0.59
2359,61,0.5055737704918033
2360,1,0.48
2361,14,0.46071428571428574
2362,8,0.50375
2363,68,0.5029411764705882
2364,21,0.5300000000000001
2365,14,0.4671428571428572
2366,8,0.5112500000000001
2367,16,0.48687500000000006
2368,21,0.52
2369,82,0.5008536585365856
2370,59,0.49050847457627117
2371,7,0.47428571428571425
2372,29,0.49206896551724144
2373,3,0.45333333333333337
2374,69,0.5237681159420288
2375,3,0.4466666666666666
2376,70,0.4922857142857142
2377,34,0.47882352941176476
2378,13,0.5207692307692308
2379,10,0.524
2380,1,0.57
2381,70,0.47914285714285704
2382,1,0.67
2383,10,0.532
2384,62,0.5030645161290322
2385,9,0.5155555555555557
2386,54,0.4901851851851851
2387,19,0.5
2389,9,0.5533333333333332
2390,15,0.46066666666666667
2391,19,0.5221052631578947
2392,41,0.4990243902439021
2393,7,0.41571428571428576
2394,32,0.5159375
2395,63,0.5023809523809523
2396,22,0.4686363636363637
2397,12,0.48916666666666675
2398,40,0.5385000000000001
2399,24,0.48583333333333334
2400,6,0.47833333333333333
2401,9,0.5122222222222222
2402,3,0.41333333333333333
2403,5,0.492
2404,55,0.49309090909090914
2405,3,0.5966666666666667
2406,6,0.5766666666666667
2407,31,0.4751612903225806
2408,54,0.5033333333333334
2409,60,0.5063333333333333
2410,74,0.514054054054054
2411,6,0.5283333333333333
2412,7,0.4471428571428571
2413,4,0.485
2414,63,0.4857142857142857
2415,11,0.5009090909090909
2416,10,0.528
2417,16,0.471875
2418,37,0.4905405405405405
2419,33,0.5033333333333333
2420,20,0.476
2421,2,0.35
2422,2,0.435
2423,49,0.5022448979591839
2424,4,0.49
2425,11,0.5272727272727272
2426,9,0.5122222222222221
2427,8,0.45875
2428,60,0.48166666666666663
2429,23,0.4904347826086956
2430,45,0.5266666666666668
2431,2,0.6699999999999999
2432,7,0.47714285714285715
2433,46,0.4986956521739131
2434,16,0.5193749999999999
2435,5,0.44400000000000006
2436,26,0.4942307692307693
2438,16,0.49374999999999997
2439,5,0.384
2440,7,0.5571428571428572
2441,1,0.54
2442,1,0.56
2443,7,0.4942857142857143
2444,6,0.49999999999999983
2445,18,0.47333333333333333
2446,49,0.523265306122449
2447,13,0.4461538461538461
2448,7,0.5671428571428572
2449,13,0.4823076923076925
2450,4,0.5549999999999999
2451,25,0.48040000000000005
2452,2,0.585
2453,2,0.515
2454,5,0.404
2455,1,0.54
2456,1,0.48
2458,21,0.49333333333333346
2459,8,0.48250000000000004
2460,54,0.49870370370370365
2461,26,0.4742307692307691
2462,21,0.4657142857142857
2463,29,0.5093103448275863
2464,62,0.517741935483871
2465,15,0.5393333333333333
2466,1,0.77
2467,33,0.4833333333333332
2468,48,0.5172916666666667
2469,37,0.49297297297297304
2471,30,0.48433333333333345
2472,14,0.5014285714285716
2473,13,0.5015384615384616
2474,7,0.4314285714285714
2475,12,0.5375
2476,6,0.4166666666666667
2477,28,0.4721428571428571
2478,22,0.4768181818181819
2479,6,0.5333333333333333
2480,5,0.516
2481,1,0.74
2482,42,0.525952380952381
2483,2,0.505
2484,35,0.47342857142857153
2485,36,0.49
2486,5,0.528
2487,1,0.39
2488,4,0.505
2489,22,0.49227272727272725
2490,4,0.535
2491,22,0.5177272727272727
2492,43,0.5060465116279069
2493,1,0.54
2494,9,0.4666666666666667
2495,37,0.46891891891891885
2496,3,0.38999999999999996
2497,3,0.5666666666666668
2498,11,0.5545454545454546
2499,22,0.5081818181818181
2500,44,0.503409090909091
2501,13,0.46923076923076923
2502,12,0.5108333333333334
2503,1,0.58
2504,35,0.4951428571428572
2505,1,0.5
2506,30,0.49966666666666665
2507,44,0.5031818181818181
2508,15,0.4566666666666668
2509,21,0.4933333333333333
2510,26,0.4946153846153845
2511,19,0.5052631578947369
2512,14,0.5092857142857143
2513,2,0.47
2514,2,0.47
2515,3,0.63
2516,14,0.49571428571428566
2518,6,0.5466666666666665
2519,5,0.42800000000000005
2520,34,0.5158823529411766
2521,31,0.5070967741935483
2522,2,0.46499999999999997
2523,2,0.42
2524,2,0.415
2525,6,0.5283333333333334
2526,37,0.49567567567567555
2527,1,0.75
2528,2,0.48
2529,6,0.515
2530,3,0.63
2531,4,0.44499999999999995
2532,25,0.4988000000000001
2533,14,0.5042857142857142
2534,1,0.54
2535,1,0.4
2536,10,0.442
2537,13,0.4853846153846154
2538,10,0.499
2539,26,0.5123076923076922
2540,4,0.5325
2542,37,0.47297297297297297
2543,48,0.49833333333333335
2544,1,0.47
2546,29,0.516896551724138
2547,3,0.4366666666666667
2548,1,0.53
2549,27,0.4737037037037037
2550,30,0.5013333333333334
2551,29,0.49965517241379304
2552,20,0.4910000000000001
2553,26,0.49730769230769234
2554,16,0.5275000000000001
2555,16,0.5075000000000001
2556,21,0.543809523809524
2557,5,0.45
2558,4,0.435
2559,27,0.4970370370370371
2560,29,0.48379310344827586
2561,21,0.5071428571428571
2562,2,0.44
2563,17,0.5058823529411763
2564,26,0.4780769230769231
2565,1,0.57
2566,2,0.435
2567,12,0.4991666666666667
2568,1,0.36
2570,2,0.4
2571,3,0.54
2573,19,0.5126315789473684
2574,13,0.4730769230769231
2575,18,0.4633333333333333
2576,5,0.41400000000000003
2577,2,0.605
2578,21,0.5228571428571429
2579,13,0.5046153846153847
2581,1,0.45
2582,6,0.4433333333333333
2583,10,0.533
2584,1,0.55
2585,9,0.47888888888888886
2586,20,0.45599999999999996
2588,6,0.515
2589,7,0.5171428571428571
2590,20,0.4795
2591,10,0.501
2592,9,0.5411111111111111
2593,16,0.5268750000000001
2594,3,0.4566666666666667
2597,7,0.45
2598,10,0.522
2599,2,0.5
2600,15,0.5213333333333332
2601,14,0.46214285714285713
2602,16,0.5375
2603,3,0.5599999999999999
2604,14,0.49714285714285716
2605,2,0.51
2606,8,0.505
2607,12,0.49
2608,3,0.6066666666666666
2609,2,0.445
2610,4,0.4675
2611,10,0.493
2613,1,0.68
2614,3,0.39666666666666667
2615,10,0.52
2616,4,0.54
2617,3,0.5099999999999999
2618,1,0.68
2619,7,0.5285714285714287
2620,10,0.518
2622,1,0.46
2623,4,0.455
2624,7,0.4714285714285715
2625,6,0.5283333333333334
2626,6,0.525
2627,9,0.5544444444444445
2628,1,0.61
2629,3,0.54
2630,4,0.46499999999999997
2631,1,0.5
2633,7,0.5199999999999999
2636,4,0.53
2637,1,0.59
2638,3,0.48666666666666664
2639,3,0.47666666666666674
2640,5,0.506
2641,1,0.46
2642,3,0.5633333333333334
2643,1,0.43
2645,6,0.49500000000000005
2646,1,0.17
2647,3,0.42
2648,3,0.47000000000000003
2654,1,0.4
2657,3,0.4633333333333334
2658,2,0.55
2659,1,0.36
2661,98,0.48663265306122444
2662,36,0.4911111111111111
2663,25,0.5
2664,82,0.526707317073171
2665,49,0.5153061224489796
2666,60,0.49483333333333346
2667,19,0.4910526315789473
2668,33,0.5093939393939394
2669,94,0.488404255319149
2670,18,0.4783333333333333
2671,5,0.45600000000000007
2672,36,0.4755555555555554
2673,27,0.46407407407407403
2674,68,0.47985294117647065
2675,36,0.5044444444444445
2676,79,0.49468354430379746
2677,11,0.5172727272727272
2678,5,0.53
2679,91,0.4839560439560441
2680,51,0.48313725490196086
2681,43,0.4911627906976744
2682,15,0.49599999999999994
2683,73,0.48876712328767113
2684,26,0.5053846153846154
2685,11,0.509090909090909
2686,22,0.5072727272727273
2687,19,0.4531578947368421
2688,9,0.4933333333333333
2689,59,0.5216949152542374
2690,29,0.47620689655172405
2691,2,0.485
2692,3,0.45
2693,14,0.5349999999999999
2694,86,0.5025581395348839
2695,10,0.506
2696,18,0.52
2697,14,0.4957142857142857
2698,64,0.5090624999999999
2699,11,0.5827272727272728
2700,14,0.505
2701,23,0.5239130434782608
2702,20,0.5065
2703,15,0.4720000000000001
2705,22,0.5154545454545454
2706,61,0.4934426229508197
2707,13,0.4915384615384616
2708,29,0.5155172413793104
2709,10,0.484
2710,11,0.4945454545454547
2711,28,0.5121428571428571
2712,43,0.4665116279069767
2713,30,0.519
2714,1,0.37
2715,31,0.5077419354838709
2716,89,0.49662921348314604
2717,48,0.49499999999999983
2718,36,0.5233333333333332
2719,93,0.49182795698924725
2720,46,0.48304347826086963
2721,4,0.5175000000000001
2722,2,0.485
2723,8,0.46125
2724,64,0.50453125
2725,4,0.51
2726,15,0.47466666666666674
2727,11,0.51
2728,34,0.5123529411764706
2729,57,0.4864912280701754
2730,82,0.48902439024390243
2731,25,0.5124000000000002
2732,7,0.49857142857142855
2733,23,0.49739130434782614
2734,24,0.47583333333333333
2735,15,0.498
2736,4,0.485
2737,15,0.5079999999999999
2738,72,0.509027777777778
2739,27,0.5337037037037037
2741,52,0.5040384615384617
2742,109,0.4941284403669724
2743,42,0.4964285714285714
2744,11,0.44090909090909086
2745,29,0.48206896551724127
2746,13,0.5407692307692307
2747,11,0.4509090909090909
2748,68,0.5004411764705882
2749,45,0.5015555555555555
2750,74,0.48027027027027036
2751,31,0.492258064516129
2752,4,0.505
2753,44,0.5168181818181817
2754,102,0.4823529411764707
2755,77,0.5038961038961041
2756,38,0.4757894736842105
2757,69,0.5056521739130435
2758,41,0.5034146341463416
2759,20,0.4785000000000002
2760,6,0.5883333333333334
2761,22,0.47954545454545455
2762,17,0.5041176470588236
2763,51,0.4813725490196078
2764,16,0.499375
2765,42,0.49999999999999983
2766,10,0.522
2767,4,0.47750000000000004
2768,26,0.5076923076923078
2769,9,0.5166666666666667
2770,36,0.5205555555555557
2771,12,0.49333333333333335
2772,27,0.48740740740740734
2773,47,0.4936170212765957
2774,5,0.44000000000000006
2775,21,0.48333333333333334
2776,5,0.51
2777,66,0.48121212121212126
2778,86,0.49825581395348806
2779,16,0.456875
2780,48,0.49979166666666663
2781,56,0.49107142857142844
2782,80,0.4824999999999998
2783,28,0.48821428571428566
2784,22,0.5154545454545455
2785,34,0.4855882352941178
2786,78,0.4960256410256406
2787,39,0.5056410256410255
2788,1,0.63
2789,15,0.45
2790,5,0.45600000000000007
2791,9,0.53
2792,1,0.67
2793,87,0.5089655172413793
2794,14,0.46928571428571425
2795,18,0.5111111111111111
2796,49,0.49877551020408156
2797,19,0.481578947368421
2798,1,0.4
2799,7,0.4871428571428572
2800,63,0.5061904761904763
2801,7,0.4557142857142858
2802,8,0.5762500000000002
2803,18,0.48055555555555557
2804,7,0.4699999999999999
2805,7,0.4942857142857143
2806,37,0.5108108108108109
2807,17,0.49058823529411766
2808,1,0.25
2809,15,0.5273333333333333
2810,41,0.4943902439024389
2811,5,0.5740000000000001
2812,16,0.4975
2813,17,0.5058823529411766
2815,41,0.49121951219512194
2816,8,0.46
2817,3,0.58
2818,7,0.51
2819,20,0.5554999999999999
2820,11,0.4936363636363637
2821,7,0.5385714285714286
2822,8,0.53875
2823,30,0.47500000000000003
2824,3,0.6
2825,15,0.5133333333333333
2826,5,0.522
2827,58,0.48086206896551725
2828,66,0.49712121212121213
2829,22,0.5
2830,16,0.503125
2831,13,0.536923076923077
2832,23,0.5395652173913044
2833,72,0.5027777777777778
2834,6,0.6016666666666667
2835,31,0.5351612903225806
2836,21,0.4971428571428573
2837,9,0.4866666666666666
2838,1,0.37
2839,98,0.5078571428571428
2840,28,0.4760714285714287
2841,24,0.4970833333333334
2843,20,0.46449999999999997
2844,20,0.4514999999999998
2845,18,0.5144444444444444
2846,20,0.5090000000000001
2847,11,0.5354545454545454
2848,14,0.5521428571428572
2849,66,0.518181818181818
2850,29,0.4906896551724138
2851,16,0.524375
2852,7,0.5142857142857143
2853,48,0.5129166666666668
2854,27,0.5066666666666668
2855,3,0.47000000000000003
2856,12,0.49583333333333335
2857,1,0.64
2858,13,0.5084615384615385
2859,13,0.43692307692307697
2860,2,0.42000000000000004
2861,8,0.49
2862,53,0.5043396226415096
2863,77,0.49701298701298696
2864,48,0.5008333333333334
2865,26,0.4761538461538462
2866,59,0.482542372881356
2867,55,0.4907272727272727
2868,12,0.47
2869,50,0.4851999999999998
2870,18,0.49611111111111117
2871,33,0.502121212121212
2872,55,0.5010909090909091
2873,54,0.5187037037037038
2874,31,0.5006451612903225
2875,37,0.5313513513513515
2876,10,0.45999999999999996
2877,76,0.5253947368421051
2878,8,0.47125
2879,13,0.49538461538461537
2880,46,0.5171739130434783
2881,30,0.48799999999999993
2882,6,0.48
2883,7,0.4114285714285715
2884,4,0.595
2885,1,0.29
2886,9,0.5722222222222223
2887,27,0.4948148148148148
2888,8,0.5075000000000001
2889,13,0.5415384615384616
2890,61,0.4993442622950821
2891,14,0.45285714285714285
2892,22,0.4804545454545455
2893,5,0.608
2894,41,0.48
2895,7,0.4614285714285714
2896,29,0.5424137931034484
2897,34,0.4899999999999999
2898,4,0.4575
2899,3,0.48666666666666664
2900,9,0.47111111111111115
2901,55,0.5265454545454546
2902,5,0.45999999999999996
2903,2,0.48
2904,49,0.5310204081632652
2905,47,0.4963829787234043
2906,60,0.5096666666666667
2907,20,0.49300000000000005
2908,14,0.505
2909,46,0.5123913043478262
2910,47,0.4836170212765957
2911,40,0.5025000000000001
2912,31,0.45645161290322583
2913,44,0.5047727272727275
2914,31,0.4887096774193548
2915,58,0.5063793103448276
2916,49,0.47918367346938784
2917,7,0.47000000000000003
2918,14,0.5057142857142857
2919,37,0.5121621621621621
2920,34,0.5158823529411763
2921,29,0.4955172413793103
2922,1,0.42
2923,8,0.48500000000000004
2924,21,0.5095238095238096
2925,41,0.5070731707317074
2926,9,0.49666666666666665
2927,52,0.5128846153846155
2928,51,0.4705882352941178
2929,25,0.4748000000000001
2930,5,0.514
2931,30,0.48699999999999993
2932,25,0.47240000000000004
2933,13,0.48615384615384616
2934,13,0.48615384615384616
2935,10,0.497
2936,45,0.4755555555555555
2937,41,0.4902439024390243
2938,14,0.5121428571428572
2939,48,0.5235416666666667
2940,28,0.5285714285714286
2941,5,0.538
2942,5,0.504
2943,35,0.5045714285714287
2944,52,0.49115384615384616
2945,24,0.48166666666666663
2946,31,0.4932258064516129
2947,13,0.5476923076923077
2948,12,0.4766666666666666
2949,15,0.5226666666666666
2950,38,0.5136842105263157
2951,76,0.49671052631578955
2952,1,0.43
2953,17,0.518235294117647
2954,7,0.4557142857142856
2955,28,0.4950000000000001
2956,47,0.5114893617021277
2957,8,0.52875
2958,31,0.4835483870967743
2959,10,0.52
2960,44,0.4975000000000001
2961,7,0.5171428571428571
2962,8,0.49999999999999994
2963,3,0.5033333333333333
2964,11,0.4881818181818183
2965,12,0.48833333333333334
2966,52,0.498846153846154
2967,10,0.5279999999999999
2968,7,0.5457142857142857
2969,28,0.47964285714285715
2970,35,0.5014285714285713
2972,9,0.44444444444444436
2973,54,0.505925925925926
2974,23,0.48826086956521747
2975,1,0.33
2976,26,0.5096153846153845
2977,15,0.508
2978,14,0.5035714285714286
2979,6,0.555
2980,2,0.525
2981,13,0.44999999999999996
2982,8,0.44875000000000004
2983,12,0.4608333333333334
2984,14,0.4671428571428571
2985,25,0.47840000000000005
2986,37,0.4810810810810813
2987,17,0.48235294117647054
2988,25,0.4892
2989,38,0.5028947368421054
2990,6,0.38166666666666665
2991,41,0.48243902439024394
2992,47,0.4729787234042552
2993,29,0.5051724137931035
2994,28,0.47928571428571426
2995,9,0.5433333333333334
2996,27,0.48666666666666664
2997,7,0.48428571428571426
2998,1,0.74
2999,13,0.4984615384615385
3000,37,0.48945945945945946
3001,18,0.4672222222222222
3002,49,0.5197959183673468
3004,15,0.46933333333333327
3005,32,0.48531250000000004
3007,12,0.515
3008,7,0.53
3009,10,0.518
3010,16,0.44312500000000005
3011,21,0.5066666666666667
3012,4,0.45249999999999996
3013,15,0.5086666666666667
3014,16,0.4756250000000001
3015,4,0.565
3016,16,0.48625
3017,42,0.49928571428571433
3018,20,0.5685
3019,39,0.5025641025641026
3020,14,0.485
3021,35,0.49457142857142844
3022,32,0.4740624999999999
3023,10,0.501
3024,10,0.4509999999999999
3025,24,0.4749999999999999
3026,40,0.5047499999999998
3027,32,0.47968750000000004
3028,4,0.445
3029,18,0.5299999999999999
3030,4,0.5625
3032,13,0.48769230769230776
3033,35,0.5162857142857143
3034,29,0.5144827586206897
3035,54,0.5014814814814814
3036,16,0.48250000000000004
3038,56,0.4941071428571431
3039,15,0.5493333333333333
3040,21,0.5066666666666667
3041,14,0.5064285714285715
3042,10,0.5640000000000001
3043,8,0.5275
3044,2,0.335
3045,3,0.5466666666666667
3046,20,0.5160000000000001
3047,15,0.48733333333333334
3048,8,0.49250000000000005
3049,45,0.5022222222222221
3050,6,0.5316666666666667
3051,58,0.4824137931034482
3052,20,0.5045
3053,7,0.5214285714285715
3054,28,0.5010714285714287
3055,3,0.48666666666666664
3056,25,0.48760000000000003
3057,7,0.4742857142857143
3058,7,0.5057142857142857
3059,1,0.58
3060,42,0.49928571428571433
3061,6,0.5883333333333333
3062,16,0.47875
3063,3,0.4066666666666667
3064,18,0.48777777777777787
3065,17,0.5064705882352942
3066,7,0.4471428571428571
3067,7,0.49000000000000005
3068,8,0.4912500000000001
3069,9,0.5211111111111112
3070,35,0.5017142857142858
3072,23,0.47695652173913033
3073,14,0.5185714285714286
3074,2,0.47
3075,6,0.54
3076,50,0.49380000000000007
3077,31,0.4983870967741937
3078,26,0.48307692307692307
3079,15,0.47800000000000004
3080,12,0.4725
3081,11,0.5145454545454546
3082,65,0.48261538461538456
3083,3,0.5033333333333333
3084,27,0.4785185185185185
3085,11,0.509090909090909
3086,21,0.5309523809523811
3087,27,0.474074074074074
3088,6,0.4566666666666666
3089,28,0.49071428571428566
3090,33,0.506060606060606
3092,7,0.5042857142857143
3093,9,0.51
3094,3,0.5466666666666667
3095,8,0.47125000000000006
3096,20,0.503
3097,21,0.5457142857142857
3098,16,0.519375
3099,4,0.4575
3100,15,0.49533333333333346
3101,64,0.4846875
3102,25,0.5036
3103,11,0.5009090909090909
3104,19,0.49526315789473674
3105,6,0.47500000000000003
3106,33,0.5109090909090909
3107,25,0.4968
3108,11,0.5227272727272727
3109,7,0.51
3110,9,0.4911111111111111
3111,32,0.5212500000000002
3112,6,0.49666666666666665
3113,36,0.5008333333333334
3114,14,0.45500000000000007
3115,31,0.5164516129032258
3116,53,0.5056603773584903
3117,17,0.5247058823529412
3118,19,0.5289473684210527
3119,14,0.46571428571428575
3120,39,0.5005128205128204
3122,4,0.645
3123,9,0.5377777777777778
3124,13,0.5338461538461537
3126,3,0.51
3127,1,0.6
3128,2,0.33499999999999996
3129,10,0.465
3130,1,0.39
3131,4,0.505
3132,44,0.4979545454545453
3133,3,0.49666666666666676
3135,7,0.4657142857142857
3136,28,0.5182142857142857
3137,16,0.483125
3138,7,0.5228571428571429
3139,8,0.45749999999999996
3140,34,0.5244117647058824
3141,5,0.51
3142,13,0.45692307692307693
3143,1,0.35
3144,8,0.51125
3145,33,0.46575757575757576
3146,27,0.515925925925926
3148,16,0.49375
3149,14,0.5035714285714287
3150,38,0.518421052631579
3151,7,0.5242857142857142
3152,38,0.5107894736842106
3153,3,0.4166666666666667
3154,35,0.4934285714285715
3155,1,0.39
3156,7,0.5228571428571429
3157,6,0.41500000000000004
3158,11,0.520909090909091
3159,3,0.5633333333333334
3160,9,0.5577777777777778
3161,3,0.49333333333333335
3162,22,0.5000000000000001
3163,5,0.542
3164,1,0.46
3165,1,0.4
3166,5,0.492
3167,8,0.46374999999999994
3168,15,0.494
3169,24,0.5066666666666667
3170,14,0.46714285714285714
3171,5,0.51
3172,32,0.49687499999999996
3173,6,0.44500000000000006
3174,13,0.5069230769230769
3175,2,0.45
3176,11,0.5136363636363636
3177,15,0.45199999999999996
3178,8,0.47
3179,22,0.484090909090909
3180,3,0.48666666666666675
3181,2,0.455
3182,25,0.48000000000000015
3184,14,0.5057142857142857
3185,29,0.5058620689655172
3186,7,0.4557142857142858
3187,15,0.494
3188,20,0.5029999999999999
3189,8,0.5037499999999999
3190,6,0.4216666666666667
3191,16,0.47375
3192,5,0.538
3193,6,0.49
3194,6,0.5333333333333333
3195,11,0.5381818181818182
3196,15,0.4926666666666667
3197,6,0.5599999999999999
3198,27,0.4811111111111111
3199,9,0.5566666666666666
3200,3,0.5700000000000001
3201,32,0.4721875000000001
3202,2,0.395
3203,16,0.501875
3204,16,0.5375
3205,7,0.4928571428571429
3206,16,0.520625
3207,15,0.48200000000000004
3208,3,0.5333333333333333
3209,6,0.455
3210,7,0.5114285714285715
3211,6,0.5233333333333333
3212,9,0.5044444444444446
3213,7,0.47857142857142854
3214,17,0.5182352941176471
3215,8,0.42
3217,1,0.51
3218,1,0.55
3219,17,0.4700000000000001
3220,7,0.5114285714285715
3221,7,0.4842857142857144
3222,4,0.575
3223,10,0.483
3224,23,0.49086956521739133
3225,11,0.4772727272727273
3226,11,0.5145454545454545
3227,2,0.45
3228,5,0.45600000000000007
3229,3,0.5666666666666667
3231,5,0.528
3232,13,0.4338461538461539
3233,15,0.4673333333333333
3234,8,0.49000000000000005
3235,3,0.5599999999999999
3236,6,0.5416666666666666
3237,7,0.49142857142857144
3238,6,0.4583333333333334
3239,24,0.51625
3240,24,0.4570833333333333
3241,5,0.634
3242,3,0.5066666666666667
3243,6,0.5483333333333335
3244,1,0.49
3245,3,0.48
3246,3,0.5733333333333334
3247,20,0.5365
3248,9,0.47333333333333333
3249,2,0.615
3250,2,0.45499999999999996
3251,1,0.41
3252,27,0.5292592592592592
3253,11,0.5227272727272727
3254,5,0.61
3255,4,0.5275000000000001
3256,18,0.46388888888888885
3257,7,0.49571428571428566
3258,12,0.48500000000000004
3259,9,0.43666666666666665
3260,9,0.5322222222222223
3261,17,0.48411764705882343
3262,5,0.492
3263,9,0.4722222222222222
3264,7,0.5085714285714286
3265,9,0.48999999999999994
3266,3,0.5133333333333333
3267,19,0.4852631578947369
3268,1,0.69
3269,1,0.68
3272,13,0.5176923076923077
3273,5,0.58
3274,15,0.5640000000000001
3275,6,0.48333333333333334
3276,4,0.5175
3277,16,0.4443750000000001
3278,2,0.415
3279,6,0.5416666666666666
3280,24,0.4683333333333333
3281,5,0.5719999999999998
3283,6,0.47000000000000003
3284,6,0.4766666666666666
3285,5,0.6539999999999999
3286,3,0.5566666666666666
3287,10,0.549
3288,14,0.5392857142857144
3289,4,0.495
3291,30,0.5236666666666667
3292,3,0.45999999999999996
3293,9,0.5022222222222222
3294,5,0.532
3295,7,0.47428571428571425
3296,11,0.49181818181818177
3297,9,0.5077777777777778
3298,8,0.47750000000000004
3299,14,0.5178571428571429
3300,3,0.6166666666666667
3301,4,0.565
3302,10,0.504
3303,3,0.43333333333333335
3304,2,0.49
3305,1,0.66
3306,4,0.5225
3307,3,0.5233333333333333
3308,2,0.435
3309,6,0.49
3311,3,0.5133333333333333
3312,2,0.43500000000000005
3313,2,0.545
3314,4,0.45749999999999996
3315,1,0.48
3316,5,0.518
3317,1,0.64
3318,3,0.6133333333333333
3319,5,0.438
3320,20,0.5050000000000001
3321,16,0.50125
3322,1,0.5
3323,1,0.58
3324,8,0.52625
3325,3,0.5666666666666668
3326,4,0.46
3327,7,0.5085714285714286
3328,2,0.51
3329,3,0.5099999999999999
3330,19,0.4852631578947368
3331,6,0.5616666666666666
3332,9,0.538888888888889
3333,2,0.505
3334,1,0.5
3335,9,0.5288888888888889
3337,1,0.6
3338,5,0.4920000000000001
3339,7,0.5085714285714286
3340,1,0.51
3341,3,0.5166666666666666
3342,10,0.4880000000000001
3343,1,0.51
3344,10,0.532
3345,9,0.5155555555555557
3346,5,0.534
3347,11,0.5099999999999999
3348,5,0.51
3349,2,0.53
3350,6,0.44333333333333336
3351,9,0.5055555555555554
3352,1,0.55
3353,8,0.5425000000000001
3355,6,0.5333333333333333
3356,2,0.46499999999999997
3357,1,0.7
3358,2,0.32
3359,2,0.52
3360,6,0.5083333333333334
3362,9,0.56
3363,8,0.53125
3364,4,0.48
3365,6,0.5716666666666667
3366,5,0.548
3367,2,0.495
3369,2,0.515
3371,3,0.4566666666666666
3376,4,0.5
3377,3,0.6066666666666666
3378,4,0.505
3379,1,0.58
3381,3,0.4566666666666667
3382,1,0.6
3384,3,0.48
3386,5,0.5599999999999999
3387,5,0.5599999999999999
3388,1,0.41
3390,1,0.56
3391,4,0.49249999999999994
3392,3,0.5166666666666667
3394,1,0.47
3395,3,0.5533333333333332
3396,4,0.48750000000000004
3397,4,0.5625
3398,1,0.34
3399,1,0.48
3401,3,0.4166666666666667
3402,2,0.47
3403,1,0.33
3406,4,0.495
3410,2,0.485
3411,1,0.57
3412,1,0.47
3416,2,0.43
3417,2,0.47
3419,1,0.41
3422,1,0.48
3425,1,0.58
3426,1,0.52
3437,542,0.4915682656826567
3438,23,0.49130434782608706
3439,8,0.4775000000000001
3440,24,0.5025000000000001
3441,5,0.496
3442,44,0.5029545454545454
3443,21,0.508095238095238
3444,4,0.54
3445,6,0.515
3446,10,0.49799999999999994
3447,5,0.524
3448,45,0.5162222222222222
3449,42,0.49928571428571433
3450,17,0.4876470588235295
3452,15,0.5
3454,12,0.47083333333333327
3455,36,0.5122222222222224
3456,44,0.513409090909091
3457,5,0.5740000000000001
3458,19,0.5263157894736843
3459,14,0.5142857142857143
3460,26,0.5107692307692308
3461,6,0.5316666666666666
3462,18,0.5383333333333333
3463,23,0.49130434782608684
3464,28,0.4821428571428571
3465,15,0.4720000000000001
3466,22,0.510909090909091
3467,2,0.41
3468,27,0.5162962962962964
3469,22,0.5309090909090908
3470,13,0.48999999999999994
3471,23,0.4886956521739132
3472,13,0.5292307692307692
3473,16,0.51125
3474,14,0.5285714285714287
3475,29,0.45103448275862057
3476,13,0.4607692307692309
3477,5,0.514
3478,16,0.52125
3479,14,0.5292857142857142
3480,22,0.5031818181818182
3481,12,0.48499999999999993
3482,11,0.4863636363636364
3483,12,0.4416666666666667
3484,12,0.4475
3485,15,0.5273333333333333
3486,28,0.47249999999999986
3487,8,0.45625
3488,42,0.4947619047619048
3489,4,0.4275
3490,13,0.53
3491,18,0.49388888888888893
3492,8,0.5225
3493,16,0.5025000000000001
3494,3,0.6
3495,47,0.5161702127659574
3496,16,0.5081249999999999
3497,22,0.49500000000000005
3498,16,0.526875
3499,19,0.5142105263157896
3500,18,0.49666666666666676
3501,39,0.4946153846153847
3502,7,0.4328571428571429
3503,12,0.5616666666666666
3504,6,0.45999999999999996
3505,19,0.4852631578947368
3506,43,0.48511627906976745
3507,7,0.5428571428571429
3508,18,0.5033333333333334
3509,19,0.531578947368421
3510,16,0.5318750000000001
3511,19,0.45473684210526316
3512,11,0.48363636363636364
3513,4,0.415
3514,37,0.4835135135135136
3515,7,0.5314285714285714
3516,11,0.5000000000000001
3517,11,0.4927272727272728
3518,28,0.46035714285714296
3519,14,0.4542857142857143
3520,7,0.4557142857142856
3521,46,0.5110869565217393
3522,7,0.5399999999999999
3523,11,0.44
3524,13,0.4800000000000001
3525,30,0.4853333333333334
3526,21,0.47714285714285715
3527,19,0.531578947368421
3528,28,0.4842857142857143
3529,26,0.4926923076923076
3530,4,0.415
3531,6,0.5016666666666666
3532,12,0.47083333333333327
3533,9,0.55
3534,18,0.4794444444444445
3535,13,0.4969230769230769
3536,9,0.4811111111111112
3537,3,0.5033333333333333
3538,16,0.518125
3539,9,0.508888888888889
3540,25,0.508
3541,9,0.55
3542,26,0.5
3543,4,0.4975
3544,4,0.555
3545,62,0.5120967741935485
3546,11,0.47363636363636363
3547,10,0.471
3548,5,0.506
3549,9,0.4833333333333333
3550,12,0.5425
3551,3,0.46666666666666673
3552,5,0.4699999999999999
3553,23,0.48826086956521736
3554,12,0.47833333333333344
3555,14,0.5321428571428571
3556,8,0.4825
3557,23,0.48304347826086963
3558,34,0.46911764705882353
3559,18,0.49222222222222217
3560,2,0.5449999999999999
3561,10,0.5129999999999999
3562,10,0.496
3563,12,0.48333333333333334
3564,12,0.545
3565,2,0.63
3566,4,0.5225
3567,11,0.5345454545454545
3568,25,0.49480000000000013
3569,20,0.526
3571,14,0.4992857142857142
3572,6,0.4883333333333333
3573,13,0.4784615384615385
3574,13,0.45384615384615373
3575,2,0.6100000000000001
3576,29,0.5058620689655174
3577,39,0.5289743589743588
3578,20,0.475
3579,11,0.5481818181818181
3580,4,0.635
3581,6,0.5
3582,1,0.51
3583,5,0.49800000000000005
3584,39,0.5128205128205129
3585,3,0.5266666666666666
3586,28,0.5321428571428571
3587,14,0.4749999999999999
3588,2,0.45
3589,1,0.61
3590,22,0.48454545454545456
3591,13,0.58
3592,7,0.4985714285714286
3593,31,0.46903225806451604
3594,6,0.5133333333333333
3595,9,0.5411111111111111
3596,60,0.48749999999999993
3598,4,0.49
3599,25,0.49200000000000005
3600,3,0.4566666666666667
3601,12,0.4475
3602,9,0.4744444444444445
3603,6,0.4916666666666667
3604,46,0.4889130434782608
3605,26,0.5042307692307693
3606,3,0.49666666666666665
3607,4,0.5325
3608,13,0.4984615384615384
3609,18,0.5138888888888888
3610,13,0.5138461538461538
3611,31,0.4761290322580646
3612,14,0.48000000000000004
3613,7,0.4685714285714286
3614,5,0.538
3615,11,0.5163636363636365
3616,9,0.5322222222222223
3617,22,0.5231818181818183
3618,12,0.5566666666666666
3619,3,0.5166666666666666
3620,12,0.5158333333333333
3621,6,0.4716666666666667
3622,7,0.5457142857142857
3623,11,0.4636363636363637
3624,7,0.45285714285714285
3625,23,0.5282608695652175
3626,4,0.5875
3627,9,0.4788888888888889
3628,14,0.44357142857142845
3629,23,0.48173913043478256
3630,4,0.4875
3631,6,0.5233333333333333
3632,4,0.49250000000000005
3633,39,0.5171794871794874
3634,9,0.4511111111111112
3635,16,0.48625
3636,17,0.533529411764706
3637,2,0.48
3638,8,0.5125000000000001
3639,5,0.5
3640,23,0.5026086956521739
3641,7,0.45999999999999996
3642,11,0.47090909090909094
3643,19,0.508421052631579
3644,5,0.518
3645,7,0.4571428571428572
3646,9,0.5311111111111111
3647,4,0.45499999999999996
3648,10,0.4780000000000001
3649,5,0.46399999999999997
3651,19,0.49105263157894746
3652,3,0.49333333333333335
3653,3,0.5733333333333334
3654,8,0.53
3655,10,0.5519999999999998
3656,15,0.5193333333333334
3657,7,0.48999999999999994
3658,7,0.4657142857142857
3659,6,0.4666666666666666
3660,4,0.4975
3661,4,0.56
3662,6,0.47
3663,8,0.545
3664,6,0.5083333333333333
3665,3,0.5866666666666667
3666,3,0.5966666666666667
3667,13,0.5153846153846154
3668,5,0.44000000000000006
3669,5,0.51
3670,12,0.4908333333333334
3671,6,0.425
3672,22,0.47454545454545455
3674,18,0.5188888888888888
3675,8,0.5012500000000001
3676,1,0.53
3677,22,0.5113636363636364
3678,1,0.55
3679,6,0.625
3680,25,0.498
3681,3,0.4366666666666667
3682,3,0.5966666666666667
3683,10,0.45899999999999996
3684,32,0.5175000000000001
3685,3,0.4266666666666666
3687,17,0.4970588235294117
3689,1,0.52
3690,14,0.5271428571428571
3691,1,0.5
3692,16,0.505625
3693,10,0.556
3694,2,0.505
3695,4,0.45249999999999996
3696,8,0.5025000000000001
3697,10,0.445
3698,4,0.5774999999999999
3700,4,0.52
3701,9,0.49
3702,17,0.5011764705882353
3703,9,0.5144444444444445
3704,1,0.64
3705,20,0.5225000000000001
3706,11,0.5499999999999999
3707,10,0.5109999999999999
3708,8,0.49500000000000005
3710,13,0.4815384615384616
3711,15,0.5106666666666666
3712,3,0.5800000000000001
3713,12,0.4983333333333333
3714,13,0.4892307692307693
3715,6,0.5399999999999999
3716,2,0.4
3717,2,0.375
3718,16,0.48750000000000004
3719,8,0.50625
3720,7,0.4657142857142857
3721,12,0.4783333333333333
3722,14,0.5057142857142857
3723,1,0.56
3725,10,0.502
3726,8,0.4937500000000001
3727,3,0.6166666666666667
3728,10,0.525
3730,9,0.5100000000000001
3731,17,0.5047058823529412
3733,2,0.635
3734,18,0.5211111111111112
3735,4,0.53
3736,8,0.49499999999999994
3737,12,0.49
3738,12,0.48
3739,7,0.42428571428571427
3740,8,0.52
3741,9,0.54
3742,3,0.42
3743,8,0.5100000000000001
3744,1,0.53
3745,2,0.455
3746,1,0.6
3747,10,0.47300000000000003
3749,4,0.5725
3750,14,0.48142857142857143
3751,3,0.52
3752,7,0.42
3753,9,0.49666666666666665
3754,1,0.7
3755,3,0.42333333333333334
3756,20,0.4840000000000001
3757,8,0.55125
3758,20,0.5029999999999999
3759,7,0.4557142857142857
3760,3,0.5
3761,5,0.484
3762,7,0.4642857142857143
3763,5,0.48
3764,13,0.5007692307692307
3765,2,0.485
3766,5,0.42200000000000004
3767,5,0.496
3768,11,0.5327272727272727
3769,2,0.41500000000000004
3771,3,0.48666666666666664
3772,4,0.39250000000000007
3773,3,0.5599999999999999
3774,7,0.5399999999999999
3775,3,0.5266666666666667
3776,8,0.5225
3777,2,0.39
3778,2,0.5
3779,5,0.47800000000000004
3780,6,0.52
3781,2,0.385
3782,12,0.49
3783,5,0.404
3784,6,0.39833333333333326
3785,4,0.4975
3786,7,0.4971428571428572
3787,1,0.56
3788,1,0.51
3789,3,0.4633333333333334
3790,16,0.51
3791,7,0.5700000000000001
3792,5,0.5
3793,19,0.4773684210526316
3794,15,0.5286666666666667
3795,2,0.53
3796,3,0.53
3797,10,0.457
3799,5,0.514
3800,11,0.4945454545454545
3801,2,0.525
3802,3,0.4566666666666666
3803,4,0.46249999999999997
3804,12,0.5208333333333334
3805,2,0.44999999999999996
3806,3,0.5399999999999999
3809,5,0.53
3810,8,0.47125
3811,1,0.43
3813,3,0.38999999999999996
3814,1,0.77
3815,4,0.53
3817,4,0.5375
3818,2,0.42000000000000004
3819,4,0.5125000000000001
3821,10,0.479
3822,13,0.49923076923076926
3823,3,0.42
3824,13,0.5338461538461539
3825,4,0.565
3826,14,0.485
3828,4,0.485
3829,6,0.515
3830,28,0.49035714285714277
3831,6,0.42166666666666663
3833,11,0.5309090909090909
3834,1,0.5
3835,5,0.504
3836,8,0.47500000000000003
3837,3,0.5499999999999999
3838,17,0.5352941176470588
3840,1,0.49
3841,6,0.48833333333333334
3842,11,0.4890909090909091
3843,1,0.7
3844,1,0.53
3845,4,0.42
3847,3,0.48
3848,1,0.4
3849,2,0.54
3851,9,0.5144444444444445
3852,7,0.4857142857142857
3854,1,0.72
3855,1,0.47
3857,2,0.585
3858,6,0.4750000000000001
3859,2,0.52
3860,6,0.44333333333333336
3861,2,0.5
3862,2,0.42500000000000004
3863,1,0.69
3864,1,0.63
3866,3,0.54
3867,2,0.44499999999999995
3868,4,0.455
3869,6,0.49333333333333335
3870,7,0.58
3871,1,0.58
3872,3,0.5133333333333333
3873,10,0.47599999999999987
3874,3,0.3666666666666667
3875,1,0.51
3877,11,0.49545454545454537
3878,1,0.36
3879,1,0.5
3880,2,0.475
3883,2,0.41500000000000004
3884,7,0.5414285714285715
3886,4,0.5275
3887,1,0.52
3888,2,0.375
3889,2,0.485
3890,1,0.55
3891,5,0.43200000000000005
3892,2,0.52
3893,1,0.52
3894,1,0.57
3896,5,0.568
3897,1,0.3
3898,1,0.54
3899,1,0.66
3900,7,0.5114285714285715
3901,2,0.5
3902,6,0.46166666666666667
3903,3,0.57
3906,7,0.5385714285714286
3907,2,0.51
3909,4,0.485
3912,1,0.37
3914,3,0.48666666666666664
3915,3,0.4966666666666666
3916,1,0.54
3918,3,0.51
3920,4,0.51
3924,4,0.46
3925,1,0.52
3926,7,0.5314285714285714
3927,1,0.49
3929,1,0.52
3930,3,0.45999999999999996
3931,1,0.66
3933,3,0.47333333333333333
3937,1,0.48
3938,6,0.5233333333333333
3939,1,0.6
3940,1,0.61
3943,1,0.66
3944,2,0.45499999999999996
3945,2,0.345
3947,3,0.5933333333333333
3948,3,0.55
3950,1,0.52
3951,2,0.47
3956,2,0.5800000000000001
3957,1,0.51
3960,1,0.39
3962,1,0.64
3964,1,0.72
3966,1,0.45
3968,1,0.57
3980,58,0.4791379310344828
3981,7,0.5085714285714286
3982,13,0.4623076923076923
3983,1,0.48
3985,5,0.536
3986,7,0.43714285714285717
3987,1,0.42
3988,4,0.4625
3989,4,0.515
3990,3,0.47000000000000003
3991,1,0.66
3992,2,0.45499999999999996
3993,3,0.4566666666666667
3994,8,0.5187499999999999
3995,5,0.53
3996,2,0.46499999999999997
3997,7,0.4742857142857143
3998,9,0.5688888888888889
3999,2,0.585
4000,5,0.518
4001,1,0.42
4002,4,0.4225
4003,3,0.37333333333333335
4004,6,0.54
4006,1,0.59
4007,2,0.5
4009,3,0.46666666666666673
4011,1,0.37
4013,3,0.5633333333333334
4014,6,0.5016666666666667
4016,1,0.28
4017,3,0.5033333333333333
4018,2,0.405
4019,2,0.51
4020,5,0.554
4021,2,0.45999999999999996
4023,4,0.5924999999999999
4026,1,0.33
4027,3,0.5
